Code,Family,Macro-Area,Country (-ies),Glottocode,Genus,Language,Data Source,Sample type,Subset,Level of Reconstruction,Retention of Source,Source,Source meaning,Source Meaning (simplified),Target,Target meaning,Target Meaning (simplified),Comments,Example (material),example (glossing),Example (translation),example (source if separate),Semantic integrity (Source),Phonetic reduction (Source),Paradigmaticity (Source),Bondedness (Source),Paradigmatic variability (Source),Syntagmatic variability (Source),Decategorization (Source),Allomorphy (Source),Semantic integrity (Target),Phonetic reduction (Target),Paradigmaticity (Target),Bondedness (Target),Paradigmatic variability (Target),Syntagmatic variability (Target),Decategorization (Target),Allomorphy (Target),Semantic integrity (old: change),Semantic integrity (old: level),Phonetic Reduction (old: change),Phonetic Reduction (old: level),Paradigmaticity (old: change),Paradigmaticity (old: level),Bondedness (old: change),Bondedness (old: level),Paradigmatic variability (old: change),Paradigmatic variability (old: level),Syntagmatic variability (old: change),Syntagmatic Variability (old: level),Decategorization (old: change),Decategorization (old: level),Allomorphy (old: change),Allomorphy (old: level)
001001,Arawakan,South America,Colombia,tari1256,North Arawakan,Tariana,Kuteva et al. 2019: 354-355; Aikhenvald 2013: 538; 545,core,SI-PR-BD,-,retained,kani,‘where’,W-QUESTION,kani,indefinite relativizer (for locative constituents),RELATIVIZER,-,[kani wa: wa-pipina-botha wa-ruku] wa: pa:pe wa-ni-ka,wherever lpl + go lpl-get.lost-POT lsg-go.down lpl + go maybe lpl-do-SUB,"'Wherever we go down, we may probably get lost.'",-,3,1,2,1,1,-,-,1,3,1,2,1,1,-,-,1,-1,3,-1,1,-1,2,-1,1,-1,1,-1,#VALUE!,-1,#VALUE!,-1,1
001002,Arawakan,South America,Colombia,tari1256,North Arawakan,Tariana,Kuteva et al. 2019: 262-263; Aikhenvald 2003: 432,core,SI-PR-BD,-,retained,-yã,"live, stay’",live',-yã,DURATIVE aspect marker (HABITUAL),DURATIVE,As first verb in SVCs,-,-,-,-,1,2,-,1,-,-,-,-,3,2,-,1,-,-,-,-,1,3,-1,2,-1,#VALUE!,-1,1,-1,#VALUE!,-1,#VALUE!,-1,#VALUE!,-1,#VALUE!
001003,Arawakan,South America,Colombia,tari1256,North Arawakan,Tariana,Aikhenvald 2011,core,full,Proto-Arawak,retained,*kima,"‘hear, feel’","hear, feel'","-mha, -hma, -mah",non-visual evidential,EVIDENTIAL,-,kali-si phema-ɾi pima-mahka,tell-NOM IMP+hear-REL sound-REC.P.NONVIS,‘The phone (lit. ‘speech-hearer’) has rung.’,-,1,1,1,1,1,1,1,1,3,2,4,4,4,4,4,3,1,3,1,2,1,4,1,4,1,4,1,4,1,4,1,3
001004,Arawakan,South America,Colombia,tari1256,North Arawakan,Tariana,Aikhenvald 2011,core,full,-,retained,(nu-)ka,‘see’ (1SG),see',"-nuka, -naka",visual evidential,EVIDENTIAL,-,waha ikasu-nuku hi˜-nuku alia-naka,we now-TOP.NON.A/S DEM:ANIM-TOP.NON.A/S EXIST-PRES.VIS,‘Here we are right now (talking).’,-,1,2,1,1,1,1,1,1,3,2,4,4,4,4,4,1,1,3,-1,2,1,4,1,4,1,4,1,4,1,4,-1,1
001005,Arawakan,South America,Colombia,tari1256,North Arawakan,Tariana,Aikhenvald 2003: 322,core,full,-,retained,"-nhi, -ni, -nih",ANTERIOR,ANTERIOR,"-nhi, -ni, -nih",SPECIFIC INFERRED EVIDENTIAL,EVIDENTIAL,"in the example, so-called aspiration floating takes place (nhi-ka > nihka)",pi-tedua-ɾu-nuku pathesedape mawáɾi di-hña-nihka-niki,2sg-cousing-FEM-TOP.NON.A/S the.day.before.yesterday snake 3sgnf-eat-SPEC.INFR.REC.P-COMPL,‘The snake up your cousing the day before yesterday.’,-,3,2,3,2,1,4,4,3,3,2,4,4,4,3,4,3,-1,3,-1,2,1,4,1,4,1,4,-1,3,-1,4,-1,3
001006,Arawakan,South America,Colombia,tari1256,North Arawakan,Tariana,Aikhenvald 2003: 342,core,full,-,retained,-mayã,"‘cheat, forget, do something wrong, almost do something’","cheat, forget'","-maña, -mayã, maye","‘just, about, almost’ (not quite completed’ aspectual marker",IMPERFECTIVE,-,nese-nuku nuha tuki nu-ya-maya ketemi-mhana,then-TOP.NON.A/S I a.little 1SG-cry-ALMOST stay-REM.P.NONVIS,Then I was on the verge of crying (but didn't cry).',-,1,1,1,1,1,1,1,1,3,1,3,2,1,4,4,1,1,3,-1,1,1,3,1,2,-1,1,1,4,1,4,-1,1
001007,Arawakan,South America,Colombia,tari1256,North Arawakan,Tariana,Aikhenvald 2003: 322,core,full,-,retained,-ka,DECLARATIVE,DECLARATIVE,-ka,RECENT PAST,RECENT PAST,-,nu-pita-ka-sita,1SG-bathe-REC.P.VIS-PERF,I have bathed already.',-,3,2,4,2,1,3,4,1,3,2,4,4,4,3,4,1,-1,3,-1,2,-1,4,1,4,1,4,-1,3,-1,4,-1,1
001008,Arawakan,South America,Colombia,tari1256,North Arawakan,Tariana,Aikhenvald 2003: 437; 606-607,core,full,-,retained,-ni,‘do’,do',-ni,BENEFACTIVE applicative,BENEFACTIVE,in serial verb construction,Phia kaini [pi-ni pi-ñha] na-na,you manioc 2sg-do 2sg-eat 3pl-OBJ,‘Prepare manioc for them to eat.’,-,1,2,1,1,1,1,1,1,3,2,2,1,1,4,3,1,1,3,-1,2,1,2,-1,1,-1,1,1,4,1,3,-1,1
001009,Arawakan,South America,Colombia,tari1256,North Arawakan,Tariana,Aikhenvald 2003: 274-277; 607-608,core,full,-,retained,-ni,‘do’,do',-ni,periphrastic CAUSATIVE,CAUSATIVE,-,nawiki ka:da-ka-naka pi-ni phia,person black-SUB-VIS.PRES 2sg-make you,"‘”You make people black,” (said the Moon to the Sun).’",-,1,2,1,1,1,1,1,1,2,2,3,1,1,2,1,1,1,2,-1,2,1,3,-1,1,-1,1,1,2,-1,1,-1,1
001010,Arawakan,South America,Colombia,tari1256,North Arawakan,Tariana,Aikhenvald 2003: 322,core,full,-,no,-si(-ka),DUBITATIVE (in recent past),DUBITATIVE,-si(-ka),GENERIC INFERRED EVIDENTIAL (in recent past),EVIDENTIAL,-,Duhmeta-sika-tupe duha-yãna nu-na du-duiha-ka-kapua,3sgf+feel-REC.P.GEN.INFR-IMPV:DETR she-PEJ 1sg-OBJ 3sgf-hate-SUB-BECAUSE:DS,"‘Let this bad one feel bad (based on inferred information), because she hated me.’",-,3,2,3,2,1,3,4,1,3,2,4,4,4,3,4,1,-1,3,-1,2,1,4,1,4,1,4,-1,3,-1,4,-1,1
001011,Arawakan,South America,Colombia,tari1256,North Arawakan,Tariana,Aikhenvald 2003: 337-338; 431-432,core,full,-,retained,-sita,"‚finish, manage‘",finish',"=sita, =esta, =sta, =jka",PERFECTIVE (state of knowledge accomplished),PERFECTIVE,-,nu-pita-ka-sita,1SG-bathe-DECL-PERF,I have bathed already.',-,1,1,1,1,1,1,1,1,3,1,3,2,1,4,4,1,1,3,-1,1,1,3,1,2,-1,1,1,4,1,4,-1,1
001012,Arawakan,South America,Colombia,tari1256,North Arawakan,Tariana,Aikhenvald 2003: 432,core,SI-PR-BD,-,retained,-keta,meet,meet',-keta,RESULTATIVE,RESULTATIVE,in SVCs,nuhua Americo di-sape-ni pe-nuku [mhema-kade-ka nu-keta],I Americo 3SGnf-speak-NOM-TOP.NON.A/S NEG + hear-NEG-REC.P.VIS 1SG-meet,I can't manage to understand Americo's speech.',-,1,1,-,1,-,-,-,-,3,1,-,1,-,-,-,-,1,3,-1,1,-1,#VALUE!,-1,1,-1,#VALUE!,-1,#VALUE!,-1,#VALUE!,-1,#VALUE!
001013,Arawakan,South America,Colombia,tari1256,North Arawakan,Tariana,Aikhenvald 2003: 325-326,core,full,-,retained,-yena,"pass, exceed (also CHANGE-OF-STATE)",pass',=/-ina,"IMPERFECTIVE (short duration, close to, almost, little by little)",IMPERFECTIVE,source also grammaticalized in comparative construction,emite di-sape-yona-naka,child 3SGnf-speak -LITTLE.BY.LITTLE-PRES.VIS,The child is starting to talk little by little.',-,1,1,1,1,1,1,1,1,3,1,3,3,1,4,4,2,1,3,-1,1,1,3,1,3,-1,1,1,4,1,4,1,2
001014,Arawakan,South America,Colombia,tari1256,North Arawakan,Tariana,Aikhenvald 2003: 322,core,full,-,no,=na,PAST-PERFECTIVE,PERFECTIVE,=na,REMOTE PAST (VISUAL),REMOTE PAST,-,alia-na-daka,exist-REMOTE.PAST.VISUAL-ONGOING,‘It is still here (and has been here for a long while).’,-,3,2,4,2,1,3,4,1,3,2,4,4,4,3,4,1,-1,3,-1,2,-1,4,1,4,1,4,-1,3,-1,4,-1,1
001015,Arawakan,South America,Colombia,tari1256,North Arawakan,Tariana,Aikhenvald 2003: 610,core,SI-PR-BD,-,retained,-pala,‘put’,put',-pala,CAUSATIVE,CAUSATIVE,in SVCs,-,-,-,-,1,1,-,1,-,-,-,-,3,1,-,1,-,-,-,-,1,3,-1,1,-1,#VALUE!,-1,1,-1,#VALUE!,-1,#VALUE!,-1,#VALUE!,-1,#VALUE!
001016,Arawakan,South America,Colombia,tari1256,North Arawakan,Tariana,Aikhenvald 2003: 432,core,SI-PR-BD,-,retained,"-keña, -keñua","start, begin (Nominalizer on following verb + topical non-subj marker)","start, begin'","-keña, -keñua",INCHOATIVE,INCHOATIVE,in SVCs,-,-,-,-,1,1,-,1,-,-,-,-,3,1,-,1,-,-,-,-,1,3,-1,1,-1,#VALUE!,-1,1,-1,#VALUE!,-1,#VALUE!,-1,#VALUE!,-1,#VALUE!
001017,Arawakan,South America,Colombia,tari1256,North Arawakan,Tariana,Aikhenvald 2003: 322,core,SI-PR-BD,-,retained,=pida,reported evidential,"EVIDENTIAL, REPORTED",=pida,PRESENT,PRESENT,-,-,-,-,-,3,1,-,2,-,-,-,-,3,1,-,2,-,-,-,-,-1,3,-1,1,-1,#VALUE!,-1,2,-1,#VALUE!,-1,#VALUE!,-1,#VALUE!,-1,#VALUE!
001018,Arawakan,South America,Colombia,tari1256,North Arawakan,Tariana,Aikhenvald 2003: 431,core,SI-PR-BD,-,retained,-pe,throw,throw',-pe,telic action,TELIC,-,na-inu na-pe,3PL-kill 3PL-throw,they kill',-,1,2,-,1,-,-,-,-,3,2,-,1,-,-,-,-,1,3,-1,2,-1,#VALUE!,-1,1,-1,#VALUE!,-1,#VALUE!,-1,#VALUE!,-1,#VALUE!
002001,Arawakan,South America,Brazil,pare1272,Paresi-Xingu,Paresi/Parecís,Barros Brandão 2014: 113-114,breadth,SI-PR-BD,-,retained,tyokoli,'buttocks,'buttocks,tyokoli,in the back',in the back',-,Ha-ti tyokoli,house-UNPOSS buttocks,'In the back of the house.',-,1,1,1,1,1,1,1,1,3,1,1,1,1,4,1,1,1,3,-1,1,-1,1,-1,1,-1,1,1,4,-1,1,-1,1
002002,Arawakan,South America,Brazil,pare1272,Paresi-Xingu,Paresi/Parecís,Barros Brandão 2014: 113-114,breadth,SI-PR-BD,-,retained,tiho,'face,'face,tiho,in front of',in front of',-,-,-,-,-,1,1,1,1,1,1,1,1,3,1,1,1,1,4,1,1,1,3,-1,1,-1,1,-1,1,-1,1,1,4,-1,1,-1,1
002003,Arawakan,South America,Brazil,pare1272,Paresi-Xingu,Paresi/Parecís,Barros Brandão 2014: 113-114,breadth,SI-PR-BD,-,retained,tanakoli,'cheek,'cheek,tanakoli,on the side of',on the side of',-,-,-,-,-,1,1,1,1,1,1,1,1,3,1,1,1,1,4,1,1,1,3,-1,1,-1,1,-1,1,-1,1,1,4,-1,1,-1,1
002004,Arawakan,South America,Brazil,pare1272,Paresi-Xingu,Paresi/Parecís,Barros Brandão 2014: 113-114; 125,breadth,SI-PR-BD,-,retained,ako,‘depth’,‘depth’,=ako,'inside (of)’ (postposition),'inside’,-, aliyo hiyotoko? - koho=ako,where.is cupari.fruit - basket=inside,'Where is the cupari fruit?' - 'It is inside of the basket.',-,1,1,1,1,1,1,1,1,3,1,2,2,1,3,3,2,1,3,-1,1,1,2,1,2,-1,1,1,3,1,3,1,2
002005,Arawakan,South America,Brazil,pare1272,Paresi-Xingu,Paresi/Parecís,Barros Brandão 2014: 113-114; 125,breadth,SI-PR-BD,-,retained,=koa,'flat’ (classifier),CLASSIFIER,=koa,"'in, on’ (postposition)","'in, on’",-,aliyo hiyotoko?   - abali =koa,where.is cupari.fruit   - sieve=in,'Where is the cupari fruit?' - 'it is in the sieve.',-,3,1,3,2,1,3,4,1,3,1,2,2,1,3,3,1,-1,3,-1,1,-1,2,-1,2,-1,1,-1,3,-1,3,-1,1
002006,Arawakan,South America,Brazil,pare1272,Paresi-Xingu,Paresi/Parecís,Barros Brandão 2014:,breadth,SI-PR-BD,-,retained,=zema,COMITATIVE postposition (also locative as something like ‘on the opposite side’),COMITATIVE,=zema,APPLICATIVE (marginal),APPLICATIVE,-,na=zawa=zema-ita Jurandir haira =kakoa,1sg=throw=COM2-IFV PN ball=COM,'I threw the ball behind Jurandir.' (lit. ca. ‚I with-threw Jurandir with the ball.‘,-,3,1,2,2,1,3,3,1,3,1,3,2,1,3,4,1,-1,3,-1,1,1,3,-1,2,-1,1,-1,3,1,4,-1,1
002007,Arawakan,South America,Brazil,pare1272,Paresi-Xingu,Paresi/Parecís,Barros Brandão 2014: 160-162,breadth,SI-PR-BD,-,retained,(e)toli,"'all, pile'","'all, pile'",toli,group' (collective marker),COLLECTIVE,-,wi=yane w=ima=tya hoka ohiro toli ma-ima-hi-ro,1pl=go 1pl=beat.cipó.vine=? CON woman COL NEG-cloth-?-NMLZ,"‘We went to beat cipó vine, and a group of women were naked.’",-,1,1,1,1,1,1,1,1,3,1,3,1,1,2,4,1,1,3,-1,1,1,3,-1,1,-1,1,1,2,1,4,-1,1
003001,Tupi-Guarani,South America,Brazil,coca1259,Tupi-Guarani,Kokama-Kokamilla,Michael/O'Hagan 2016: 40; Vallejos 2010: 617-628,core,SI-PR-BD,Proto-Omagua-Kokama,-,*=tsenuni,‘ahead of’,ahead of',-tsen,purposive/ purpose subordinator,PURPOSE subordinator,target: purposive marker used depends on coreferentiality,ɨwati=mai Ritama=kate muRiapai saRɨwa=RaSi Rana=kakɨRɨ=senuni,be.high.up=NOMZ:INACT village=ALL uninterruptedly be.happy=NASS 3PL.MS=live=PURP,"‘To Heaven, so that they may live forever happy.’",-,3,1,-,2,-,-,-,-,3,1,-,3,-,-,-,-,-1,3,-1,1,-1,#VALUE!,1,3,-1,#VALUE!,-1,#VALUE!,-1,#VALUE!,-1,#VALUE!
003012,Tupi-Guarani,South America,Brazil,coca1259,Tupi-Guarani,Kokama-Kokamilla,O'Hagan 2011: 45-46; Vallejos 2010: 286-287,core,SI-PR-BD,Proto-Omagua-Kokama,-,mokõj,NUMERAL 'two' (possibly ordinal reading),two',=muki,COMITATIVE,COMITATIVE,-,-,-,-,-,2,1,-,1,-,-,-,-,4,1,-,2,-,-,-,-,1,4,-1,1,-1,#VALUE!,1,2,-1,#VALUE!,-1,#VALUE!,-1,#VALUE!,-1,#VALUE!
003015,Tupi-Guarani,South America,Peru,coca1259,Tupi-Guarani,Kokama-Kokamilla,Vallejos 2010: 392,core,full,-,retained (fading),*jar(a),owner',owner',-yara,(agentive/possessive) VERBALIZER,VERBALIZER,-,maniá-taka ra taɨ ra=kana kuatiashira-yara=utsu,how-MOD 3SG.M man'son=PL.M lastname-HAVE=FUT1,„How will his children get their last name‟,-,1,1,1,1,1,1,1,1,3,1,3,3,1,4,4,1,1,3,-1,1,1,3,1,3,-1,1,1,4,1,4,-1,1
003016,Tupi-Guarani,South America,Peru,coca1259,Tupi-Guarani,Kokama-Kokamilla,Vallejos 2010: 388-392,core,full,-,retained,utsu,go',go',=utsu,"FUTURE, IMMEDIATE (CLITIC)",FUTURE,-,ikia=ka t=umanu=utsu,this=LOC 1SG.M=die=FUT1,„Here I will die‟,-,1,1,1,1,1,1,1,1,3,1,4,2,1,3,4,1,1,3,-1,1,1,4,1,2,-1,1,1,3,1,4,-1,1
003017,Tupi-Guarani,South America,Peru,coca1259,Tupi-Guarani,Kokama-Kokamilla,Vallejos 2010: 388-392,core,full,-,retained,uri,come',come',=uri,VENTIVE (AUX),VENTIVE,-,rana eyu=ura (=)uri=uy,3PL.M eat=3M.OBJ VEN=PAS,„They came to eat it‟,-,1,1,1,1,1,1,1,1,3,1,4,2,1,3,1,1,1,3,-1,1,1,4,1,2,-1,1,1,3,-1,1,-1,1
003018,Tupi-Guarani,South America,Peru,coca1259,Tupi-Guarani,Kokama-Kokamilla,Vallejos 2010: 388-392,core,full,-,retained,ukua,go around',go around',=ukua,HABITUAL (AUX),HABITUAL,-,rana eyu ukua=tsuri,3PL.M eat=3M=OBJ HAB=PAS1,„They used to eat‟,-,1,1,1,1,1,1,1,1,3,1,4,2,1,3,1,1,1,3,-1,1,1,4,1,2,-1,1,1,3,-1,1,-1,1
003019,Tupi-Guarani,South America,Peru,coca1259,Tupi-Guarani,Kokama-Kokamilla,Vallejos 2010: 388-392,core,full,-,retained,yuriti,stay',stay',=yuti,DURATIVE (AUX),DURATIVE,-,rana eyu=ura (=)yuti=uy,3PL.M eat=3M=OBJ DUR=PAS1,„They stayed eating it‟ (maybe better: they kept eating it),-,1,1,1,1,1,1,1,1,3,1,4,2,1,3,1,1,1,3,-1,1,1,4,1,2,-1,1,1,3,-1,1,-1,1
003020,Tupi-Guarani,South America,Peru,coca1259,Tupi-Guarani,Kokama-Kokamilla,Vallejos 2010,core,full,-,retained,upa,finish',finish',-pa,COMPLETIVE (affix),COMPLETIVE,-,upa rana umanu-pa,CPL2 3PL.M die-CPL,„They all end up dying‟,-,1,1,1,1,1,1,1,1,3,2,4,3,1,4,4,1,1,3,1,2,1,4,1,3,-1,1,1,4,1,4,-1,1
003021,Tupi-Guarani,South America,Peru,coca1259,Tupi-Guarani,Kokama-Kokamilla,Kuteva et al. 2019: 332,core,SI-PR-BD,-,-,awa,person (human being),person',awa,who' (INTERROGATIVE),INTERROGATIVE,-,awa n=umi=ui,who 2:sg=see=past,‘Whom did you see?’ (Vallejos 2016: 176),-,2,1,1,1,1,1,1,1,3,1,2,1,1,3,1,1,1,3,-1,1,1,2,-1,1,-1,1,1,3,-1,1,-1,1
003022,Tupi-Guarani,South America,Peru,coca1259,Tupi-Guarani,Kokama-Kokamilla,Kuteva et al. 2019: 435,core,SI-PR-BD,-,-,mari,thing',thing',mari,what' (INTERROGATIVE),INTERROGATIVE,-,mari inu yumi=ui na=tsu,what 3:pl:female:speech give=past 2:sg=dat,‘What did they give you?’ (Vallejos 2016: 177),-,2,1,1,1,1,1,1,1,3,1,2,1,1,3,1,1,1,3,-1,1,1,2,-1,1,-1,1,1,3,-1,1,-1,1
003023,Tupi-Guarani,South America,Peru,coca1259,Tupi-Guarani,Kokama-Kokamilla,Vallejos 2010: 367,core,full,-,retained,-pa + -ti,COMPLETIVE + certainty (epistemic modality),COMPLETIVE,-pa-ti,“Augmentative” (Intensifier for stative verbs),INTENSIFIER,-,eretse-pa-ti,be_strong-COMPL-CERT (glossing: MM),"very strong, very loud'",-,3,2,4,3,1,4,4,1,3,2,3,3,1,4,4,1,-1,3,-1,2,-1,3,-1,3,-1,1,-1,4,-1,4,-1,1
003024,Tupi-Guarani,South America,Peru,coca1259,Tupi-Guarani,Kokama-Kokamilla,Vallejos 2010: 367-368,core,full,-,retained,-pa,COMPLETIVE (affix),COMPLETIVE,-pa,(marginal) verbalizer („become full of X‟),VERBALIZER,-,"piripiri-pa yuka ɨ tsɨwatsu, tɨ ma legitimo ɨ tsɨwatsu r=era",herb-CPL that deer NEG legitimate deer 3SG.M=HYP,"„That deer has been totally cured/bewitched with piripiri, he is not a real deer‟",-,3,2,4,3,1,4,4,1,3,2,3,3,1,4,4,1,-1,3,-1,2,-1,3,-1,3,-1,1,-1,4,-1,4,-1,1
003025,Tupi-Guarani,South America,Peru,coca1259,Tupi-Guarani,Kokama-Kokamilla,O'Hagan 2011: 99-101; Vallejos 2010: 500,core,SI-PR-BD,Proto-Tupi-Guarani,-,*=mia,Frustrative,FRUSTRATIVE,(=)mia,HYPOTHETICAL (irrealis),IRREALIS,may be bound or unbound,tseta tsa kamata=mia,want 1sg.fs work=hyp,‘I would like to work.’,-,3,2,-,2,-,-,-,-,3,2,-,2,-,-,-,-,-1,3,-1,2,-1,#VALUE!,-1,2,-1,#VALUE!,-1,#VALUE!,-1,#VALUE!,-1,#VALUE!
003026,Tupi-Guarani,South America,Peru,coca1259,Tupi-Guarani,Kokama-Kokamilla,Vallejos 2010: 756; O’Hagan 2011: 44,core,SI-PR-BD,Proto-Omagua-Kokama,-,*=kwar(-a-pi),hole(-LK-LOC),hole',-kuara,inessive relational N/postposition,INESSIVE,-,r=upuri uni=kuara,3SG.M=fall water=INE,„He falls into the water,-,1,2,-,1,-,-,-,-,3,2,-,3,-,-,-,-,1,3,-1,2,-1,#VALUE!,1,3,-1,#VALUE!,-1,#VALUE!,-1,#VALUE!,-1,#VALUE!
003027,Tupi-Guarani,South America,Peru,coca1259,Tupi-Guarani,Kokama-Kokamilla,Vallejos 2010: 756; O’Hagan 2011: 44,core,SI-PR-BD,Proto-Omagua-Kokama,-,*=wɨr(-ɨ-pi),underside' (-epenthetic element-LOC),underside',(-)wɨrɨ,below of' (relational noun),below',-,mari=ra=ray t ɨ ma na katupe-ta y=era kuarachi-w ɨ r ɨ penu umi-mira,thing=PUR=SPE NEG 2SG,-,-,2,2,-,1,-,-,-,-,3,2,-,3,-,-,-,-,1,3,-1,2,-1,#VALUE!,1,3,-1,#VALUE!,-1,#VALUE!,-1,#VALUE!,-1,#VALUE!
003028,Tupi-Guarani,South America,Peru,coca1259,Tupi-Guarani,Kokama-Kokamilla,Vallejos 2010: 471-472,core,full,-,retained,ikuachi,yesterday,yesterday',=ikuá,medial past tense clitic,PAST,-,ay ikuachi r=ichari=ta=ikua,already yesterday 3SG.M=leave=1SG.M=PAS2,"„Already, yesterday, he left me‟",-,1,1,2,1,1,1,1,1,3,1,4,2,1,3,4,1,1,3,-1,1,1,4,1,2,-1,1,1,3,1,4,-1,1
004001,Cariban,South America,Suriname,trio1238,Carib,Trio/Tiriyo,Carlin 2004: 207,breadth,SI-PR-BD,-,-,-pëe,source postposition (ablative),ABLATIVE,-pëe,from then on' (= SINCE case),SINCE,-,ainja-pëe kïn-eta-∅,1+3 PRO - SOU 3→3. PST -hear- NR . PST,he heard it from us,-,3,2,-,3,-,-,-,-,3,2,-,3,-,-,-,-,-1,3,-1,2,-1,#VALUE!,-1,3,-1,#VALUE!,-1,#VALUE!,-1,#VALUE!,-1,#VALUE!
004002,Cariban,South America,Suriname,trio1238,Carib,Trio/Tiriyo,Meira 1999: 177-179,breadth,SI-PR-BD,-,-,-se,desiderative postposition,DESIDERATIVE,-se,DESIDERATIVE/OPTATIVE,DESIDERATIVE,Trio expresses several emotional/experiential relations via postpositions; ongoing verbalization/finitization,e-w-ep’f_se_w-a-e,2-SA-bathe:N:Pos-Desid_lSA-Cop-Cty,‘I want you to bathe.’,-,3,2,-,3,-,-,-,-,3,2,-,3,-,-,-,-,-1,3,-1,2,-1,#VALUE!,-1,3,-1,#VALUE!,-1,#VALUE!,-1,#VALUE!,-1,#VALUE!
004003,Cariban,South America,Suriname,trio1238,Carib,Trio/Tiriyo,Carlin 2004: 176-177; 184; 207,breadth,SI-PR-BD,-,-,-(h)tao,‘inside’ (containment postposition),inside',-(h)tao,‘during’ (postposition) (‘DURATIVE aspect’),DURATIVE,marked on a possessed nominalized verb after the possessive suffix –rï,ji:-të-rï-htao,1POSS.1TR-go.NOM-POSS-CONT.LOC,while I was going (during my going),-,3,2,-,3,-,-,-,-,3,2,-,3,-,-,-,-,-1,3,-1,2,-1,#VALUE!,-1,3,-1,#VALUE!,-1,#VALUE!,-1,#VALUE!,-1,#VALUE!
004004,Cariban,South America,Suriname,trio1238,Carib,Trio/Tiriyo,Carlin 2004: 209; 211,breadth,SI-PR-BD,-,-,-ke,INTRUMENT (case),INSTRUMENTAL,-ke,REASON (subordinator),REASON,"target function on nominalized verbs, if non-past with possessed nominalized form of the verb ‘be’, literally ‘because of its being’",pëera ji-w-ei-ke,stupid 1POSS-1TR-be.NOM-INST,because I am stupid,-,4,2,-,3,-,-,-,-,3,2,-,3,-,-,-,-,-1,3,-1,2,-1,#VALUE!,-1,3,-1,#VALUE!,-1,#VALUE!,-1,#VALUE!,-1,#VALUE!
004005,Cariban,South America,Suriname,trio1238,Carib,Trio/Tiriyo,Carlin 2004: 175; 207,breadth,SI-PR-BD,-,retained,-po,LOCATIVE,LOCATIVE,-po,aspect marker (‘have the urge to’),NECESSITY,"only for three bodily functions (sleep, urinate, defacate)",ëënï-po w-a-ø-e,Sleep-LOC 1>3.1TR-be-PRES-CERT,I am sleepy (I have the urge to sleep),-,3,2,3,3,4,4,4,1,3,2,3,3,1,4,4,1,-1,3,-1,2,-1,3,-1,3,-1,1,-1,4,-1,4,-1,1
004006,Cariban,South America,Suriname,trio1238,Carib,Trio/Tiriyo,Carlin 2004: 185-187; 207,breadth,SI-PR-BD,-,-,-pë(kë),"(contact) LOCATIVE ‘on, at, at the edge of’",LOCATIVE,-pë(kë),CONTINUOUS aspect,CONTINUOUS,-,ji-panpira-pë w-a-ø-e,1POSS-book-CONTACT.LOC 1>3.1TR-be-PRES-CERT,I’m reading (lit. I’m at my books),-,4,2,-,3,-,-,-,-,3,2,-,3,-,-,-,-,-1,3,-1,2,-1,#VALUE!,-1,3,-1,#VALUE!,-1,#VALUE!,-1,#VALUE!,-1,#VALUE!
004007,Cariban,South America,Suriname,trio1238,Carib,Trio/Tiriyo,Carlin 2004: 323; Meira 1999: 267; 270-271,breadth,SI-PR-BD,-,-,ka,remove,remove',-ka,"REVERSATIVE/PRIVATIVE verbalizer (‘un-, de-’)",PRIVATIVE,possibly simply incorporation,ji-nmuku wi-po-ka-e,1-son lA-clothes-Pri.Vzr:Prs.Ipf-Cty,‘I am undressing my son.’,-,1,2,-,1,-,-,-,-,3,2,-,3,-,-,-,-,1,3,-1,2,-1,#VALUE!,1,3,-1,#VALUE!,-1,#VALUE!,-1,#VALUE!,-1,#VALUE!
004008,Cariban,South America,Suriname,trio1238,Carib,Trio/Tiriyo,Carlin 2004: 130-131,breadth,SI-PR-BD,-,retained,-me,SIMILATIVE (facsimile),SIMILATIVE,-me,nominal aspect ('transient state') (predicative marker),nominal aspect ('transient state'),-,mono-me n-a-Ø-i,Big-FACS 3>3.1TR-be-PRES-NCERT,'he is big (in the state of being big)’,-,3,2,3,3,1,4,4,1,3,2,3,3,4,4,4,1,-1,3,-1,2,-1,3,-1,3,1,4,-1,4,-1,4,-1,1
004009,Cariban,South America,Suriname,trio1238,Carib,Trio/Tiriyo,Carlin 2004: 238; 247-248,breadth,SI-PR-BD,-,-,(–to(po))-me,(time/manner/space NOMMINALIZER-) SIMILATIVE (FACSIMILE),SIMILATIVE,-(to)me,PURPOSIVE,PURPOSE subordinator,-,ø-ene-to-me w-ëe-ø,3POSS-see-TMP.NOM-FACS 1>3.1TR-come-I.PST,I have come (in order) to see him,-,3,2,-,3,-,-,-,-,3,2,-,3,-,-,-,-,-1,3,-1,2,-1,#VALUE!,-1,3,-1,#VALUE!,-1,#VALUE!,-1,#VALUE!,-1,#VALUE!
004010,Cariban,South America,Suriname,trio1238,Carib,Trio/Tiriyo,Carlin 2004: 333-334; Meira 1999: 267; 277,breadth,SI-PR-BD,-,-,ke(pi),"stop, end (intr)",stop',-ke(pi),CESSATIVE verbalizer,CESSATIVE,-,ni-mun-kepï-∅,3→-blood- CESS - I . PST,it has stopped bleeding,-,1,2,-,1,-,-,-,-,3,2,-,3,-,-,-,-,1,3,-1,2,-1,#VALUE!,1,3,-1,#VALUE!,-1,#VALUE!,-1,#VALUE!,-1,#VALUE!
005001,Panoan,South America,Peru,cash1251,Mainline Pano,Kashibo-Kakataibo,Zariquiey 2011: 233; 235; 236; 238,breadth,SI-PR-BD,-,-,kaxu,back',back',kaxu,postposition 'behind',BEHIND,-,-,-,-,-,1,1,1,1,1,1,1,1,3,1,2,1,1,3,4,1,1,3,-1,1,1,2,-1,1,-1,1,1,3,1,4,-1,1
005002,Panoan,South America,Peru,cash1251,Mainline Pano,Kashibo-Kakataibo,Zariquiey 2011: 240,breadth,SI-PR-BD,-,-,sënën-,to finish,finish',sënën,postposition 'at the end of',end of',-,-,-,-,-,1,1,1,1,1,1,1,1,3,1,2,1,1,3,4,1,1,3,-1,1,1,2,-1,1,-1,1,1,3,1,4,-1,1
005003,Panoan,South America,Peru,cash1251,Mainline Pano,Kashibo-Kakataibo,Zariquiey 2011: 235; 237,breadth,SI-PR-BD,-,-,tsipun=mi,"‘end, buttock’ (noun) + old LOC","end, buttock'",tsipúmi,‘below’ (postposition),below',-,-,-,-,-,1,1,1,1,1,1,1,1,3,1,2,1,1,3,4,1,1,3,-1,1,1,2,-1,1,-1,1,1,3,1,4,-1,1
005004,Panoan,South America,Peru,cash1251,Mainline Pano,Kashibo-Kakataibo,Zariquiey 2011: 374pp,breadth,SI-PR-BD,-,-,ka-,"‘to say, transitive’",say',-ka,TRANSITIVITY marker,CAUSATIVE/AGENTIVE/ACTIVE/VOLITIONAL,-,tax-ka-,hit-say.TRANS,‘to hit somebody’,-,1,2,1,1,1,1,1,1,3,2,4,3,2,3,4,1,1,3,-1,2,1,4,1,3,1,2,-1,3,1,4,-1,1
005005,Panoan,South America,Peru,cash1251,Mainline Pano,Kashibo-Kakataibo,Zariquiey 2011: 374pp,breadth,SI-PR-BD,-,-,ki-,"to say, intransitive’ (originally probably more general: 'to do (x sound-symbolic action), to make (x noise)’)",say',-ki,INTRANSITIVITY marker,ANTICAUSATIVE/MIDDLE/REFLEXIVE,-,tax-ki-,hit-say.INTRANS,‘to hit oneself (by accident)’,-,1,2,1,1,1,1,1,1,3,2,4,3,2,3,4,1,1,3,-1,2,1,4,1,3,1,2,-1,3,1,4,-1,1
005006,Panoan,South America,Peru,cash1251,Mainline Pano,Kashibo-Kakataibo,Zariquiey 2011: 460-461,breadth,SI-PR-BD,-,-,(-nuxun) a-,(S/A>A POSTERIOR (same subject marker) +) 'do',do',(-nuxun) a-,REMOTE FUTURE construction,FUTURE,-,a=n ka ‘itsa baritia ‘inut-kebetan charu pi-nuxun ‘a-i-a,3sg=A NAR.3p several year.ABS pass-DS/A/O(SE.TRAN) crab.ABS eat-S/A>S(POE) do-IMPF-non.prox,‘(S)he will eat crab after several years.’,-,2,2,-,1,-,-,-,-,3,2,-,1,-,-,-,-,1,3,-1,2,-1,#VALUE!,-1,1,-1,#VALUE!,-1,#VALUE!,-1,#VALUE!,-1,#VALUE!
005007,Panoan,South America,Peru,cash1251,Mainline Pano,Kashibo-Kakataibo,Zariquiey 2011: 240,breadth,SI-PR-BD,Kashibo-Kakataibo,-,*rësu,end' (?),end',rësu,at the end of' (postpos.),at the end of',-,-,-,-,-,1,1,-,1,-,-,-,-,3,1,-,1,-,-,-,-,1,3,-1,1,-1,#VALUE!,-1,1,-1,#VALUE!,-1,#VALUE!,-1,#VALUE!,-1,#VALUE!
005008,Panoan,South America,Peru,cash1251,Mainline Pano,Kashibo-Kakataibo,Zariquiey 2011: 298-299,breadth,SI-PR-BD,-,-,tapun,foot',foot',tapun,subject (~agent) nominalizer (habitual),NOMINALIZER,-,numi=n tapun uni,foot,‘person who is hungry all the time’,-,1,1,-,1,-,-,-,-,3,1,-,1,-,-,-,-,1,3,-1,1,-1,#VALUE!,-1,1,-1,#VALUE!,-1,#VALUE!,-1,#VALUE!,-1,#VALUE!
005009,Panoan,South America,Peru,cash1251,Mainline Pano,Kashibo-Kakataibo,Zariquiey 2011: 235;,breadth,SI-PR-BD,-,-,namé,interior',interior',namé,inside' (postpos.),inside',-,-,-,-,-,2,1,-,1,-,-,-,-,3,1,-,1,-,-,-,-,1,3,-1,1,-1,#VALUE!,-1,1,-1,#VALUE!,-1,#VALUE!,-1,#VALUE!,-1,#VALUE!
005010,Panoan,South America,Peru,cash1251,Mainline Pano,Kashibo-Kakataibo,Zariquiey 2011: 235;,breadth,SI-PR-BD,-,-,kwëbí,mouth',mouth',kwëbí,near' (postpos.),near',-,-,-,-,-,1,1,-,1,-,-,-,-,3,1,-,1,-,-,-,-,1,3,-1,1,-1,#VALUE!,-1,1,-1,#VALUE!,-1,#VALUE!,-1,#VALUE!,-1,#VALUE!
005011,Panoan,South America,Peru,cash1251,Mainline Pano,Kashibo-Kakataibo,Zariquiey 2011: 235;,breadth,SI-PR-BD,-,-,shimú,reversal',reversal',shimú,under' (postpos.),under',-,-,-,-,-,1,1,-,1,-,-,-,-,3,1,-,1,-,-,-,-,1,3,-1,1,-1,#VALUE!,-1,1,-1,#VALUE!,-1,#VALUE!,-1,#VALUE!,-1,#VALUE!
005012,Panoan,South America,Peru,cash1251,Mainline Pano,Kashibo-Kakataibo,Zariquiey 2011: 235;,breadth,SI-PR-BD,-,-,rëbu(=mi),tip'(=diffuse LOC),tip',rëbumi,beyond' (postpos.),beyond',-,y a kaibu=ribi abat-a ka 'iken betsi Palcaso rëbúmi,and that relative.ABS=also escape-NOM NAR.3p be.3p other Palcaso river beyond,‘And those relatives who escaped are others (who live) beyond the Palcaso river.’,-,1,1,-,1,-,-,-,-,3,1,-,1,-,-,-,-,1,3,-1,1,-1,#VALUE!,-1,1,-1,#VALUE!,-1,#VALUE!,-1,#VALUE!,-1,#VALUE!
005013,Panoan,South America,Peru,cash1251,Mainline Pano,Kashibo-Kakataibo,Zariquiey 2011: 235;,breadth,SI-PR-BD,-,-,manan(=mi),upside part' (-diffuse LOC),upper part',manámi,above' (postpos.),above',-,-,-,-,-,2,1,-,1,-,-,-,-,3,1,-,1,-,-,-,-,1,3,-1,1,-1,#VALUE!,-1,1,-1,#VALUE!,-1,#VALUE!,-1,#VALUE!,-1,#VALUE!
006002,Panoan,South America,Peru,ship1254,Shipibo-Konibo-Kapanawa,Shipibo-Conibo,Valenzuela 2003: 88,breadth,SI-PR-BD,-,-,peka(-o),back' (-approximative LOC),back',pekáo,BEHIND,BEHIND,-,-,-,-,-,1,1,-,1,-,-,-,-,3,1,-,1,-,-,-,-,1,3,-1,1,-1,#VALUE!,-1,1,-1,#VALUE!,-1,#VALUE!,-1,#VALUE!,-1,#VALUE!
006003,Panoan,South America,Peru,ship1254,Shipibo-Konibo-Kapanawa,Shipibo-Conibo,Valenzuela 2003: 88; 164; 289,breadth,SI-PR-BD,-,-,yora,"body, person'","body, person'",-yora,INTENSIFIER,INTENSIFIER,-,keen-yora-,Want-INTENS-,'to want smth. very much’,-,1,1,-,1,-,-,-,-,3,1,-,2,-,-,-,-,1,3,-1,1,-1,#VALUE!,1,2,-1,#VALUE!,-1,#VALUE!,-1,#VALUE!,-1,#VALUE!
006004,Panoan,South America,Peru,ship1254,Shipibo-Konibo-Kapanawa,Shipibo-Conibo,Valenzuela 2003: 87-88,breadth,SI-PR-BD,-,-,pake-,cause to fall',cause to fall',-pake,'one by one’ (DISTRIBUTIVE for transitive verbs),DISTRIBUTIVE,-,... Bai Shita-n-ki jato yatan-xon jene rete-ma-pake-a iki,Bai Shita-ERG-HSY2 3p:ABS grab-PSSA flowing.water:ABS kill-CAUS-one.by.one-PP2 AUX,"... the Bai Shita held them and drowned them one by one (lit. held them and
caused the flowing water to kill (them) one by one).'",(Soi Rawa 1995: 17),1,1,-,1,-,-,-,-,3,1,-,3,-,-,-,-,1,3,-1,1,-1,#VALUE!,1,3,-1,#VALUE!,-1,#VALUE!,-1,#VALUE!,-1,#VALUE!
006005,Panoan,South America,Peru,ship1254,Shipibo-Konibo-Kapanawa,Shipibo-Conibo,Valenzuela 2003: 88; 273-275; 278,breadth,SI-PR-BD,-,-,be(-ain),come'(-unknown suffix),come',-beiran,VENITIVE (for transitives and pluralized verbs),VENITIVE,'[…] venitives and andatives retain their capability of coding a separate successive event.’ (Valenzuela 2003: 278),"... jatiribi-bo ransa ransa-beiran-i,",some-PL:ABS dance dance-VEN2-SSSS,"' .. some came dancing and dancing, …",-,1,2,-,1,-,-,-,-,2,2,-,3,-,-,-,-,1,2,-1,2,-1,#VALUE!,1,3,-1,#VALUE!,-1,#VALUE!,-1,#VALUE!,-1,#VALUE!
006006,Panoan,South America,Peru,ship1254,Shipibo-Konibo-Kapanawa,Shipibo-Conibo,Valenzuela 2003: 88,breadth,SI-PR-BD,-,-,betan,COMITATIVE,COMITATIVE,betan,NP-conjunction,NP-AND,-,-,-,-,-,3,1,-,1,-,-,-,-,3,1,-,1,-,-,-,-,-1,3,-1,1,-1,#VALUE!,-1,1,-1,#VALUE!,-1,#VALUE!,-1,#VALUE!,-1,#VALUE!
006007,Panoan,South America,Peru,ship1254,Shipibo-Konibo-Kapanawa,Shipibo-Conibo,Valenzuela 2003: 260-261,breadth,SI-PR-BD,-,-,ak-,"do, make' (trans.)",do',a-,CAUSATIVE,CAUSATIVE,-,Pik6-ke-tian-bi no-a ani a-kan-ai,take.out:MID-P-DS-EM lp-ABS big do.T-PL-INC,'Since (we) are born (our parents) raise us ..... ',-,2,2,-,1,-,-,-,-,3,2,-,1,-,-,-,-,1,3,-1,2,-1,#VALUE!,-1,1,-1,#VALUE!,-1,#VALUE!,-1,#VALUE!,-1,#VALUE!
006008,Panoan,South America,Peru,ship1254,Shipibo-Konibo-Kapanawa,Shipibo-Conibo,Valenzuela 2003: 88-89; 465-466,breadth,SI-PR-BD,-,-,ja,MEDIAL DEMONSTRATIVE,MEDIAL DEMONSTRATIVE,ja,DEFINITE ARTICLE,DEFINITE,-,-,-,-,-,2,2,-,1,-,-,-,-,3,2,-,1,-,-,-,-,1,3,-1,2,-1,#VALUE!,-1,1,-1,#VALUE!,-1,#VALUE!,-1,#VALUE!,-1,#VALUE!
006009,Panoan,South America,Peru,ship1254,Shipibo-Konibo-Kapanawa,Shipibo-Conibo,Valenzuela 2003: 87,breadth,SI-PR-BD,-,-,yama-,Negative existential verb,NEGATIVE EXISTENTIAL,-yama,negative verbal suffix,VERBAL NEGATION,-,ikaxbi e-a shinan-beno[t]-yama-[a]i.,but l-ABS mind/thinking-fail-NEG-INC,"'That is what I saw; this happened a long time ago, but I don't forget it.'",-,2,1,-,1,-,-,-,-,3,1,-,3,-,-,-,-,1,3,-1,1,-1,#VALUE!,1,3,-1,#VALUE!,-1,#VALUE!,-1,#VALUE!,-1,#VALUE!
006010,Panoan,South America,Peru,ship1254,Shipibo-Konibo-Kapanawa,Shipibo-Conibo,Valenzuela 2003: 89; 91,breadth,SI-PR-BD,-,-,westí-yora,few-person (numeral ‘one’),'few’,westíora,INDEFINITE ARTICLE,INDEFINITE,-,-,-,-,-,1,1,-,1,-,-,-,-,3,1,-,1,-,-,-,-,1,3,-1,1,-1,#VALUE!,-1,1,-1,#VALUE!,-1,#VALUE!,-1,#VALUE!,-1,#VALUE!
006011,Panoan,South America,Peru,ship1254,Shipibo-Konibo-Kapanawa,Shipibo-Conibo,Valenzuela 2003: 88,breadth,SI-PR-BD,-,-,toshi-,"pop up, burst'","pop up, burst'",-toshi,SUDDEN,SUDDEN,-,Mi-n koriki-ra mi-a bi-bain-nan-toshi-kan-na-ke.,2-GEN money:ABS-EV 2-ABS get-AND2-MAL-suddenly-PL-PREV-CMPL,"'Beware, they could suddenly take your money to your detriment and leave.'",-,1,1,-,1,-,-,-,-,3,1,-,3,-,-,-,-,1,3,-1,1,-1,#VALUE!,1,3,-1,#VALUE!,-1,#VALUE!,-1,#VALUE!,-1,#VALUE!
006012,Panoan,South America,Peru,ship1254,Shipibo-Konibo-Kapanawa,Shipibo-Conibo,Valenzuela 2003: 88; 297; 299-300,breadth,SI-PR-BD,-,-,-a iki,(-participle/NOMINALIZER) COPULA,COPULA,-a iki,NARRATIVE PAST,PAST,-,-,-,-,-,2,1,-,1,-,-,-,-,3,1,-,1,-,-,-,-,1,3,-1,1,-1,#VALUE!,-1,1,-1,#VALUE!,-1,#VALUE!,-1,#VALUE!,-1,#VALUE!
007001,Tucanoan,South America,Brasil/Colombia,guan1269,Kotiria-Piratapuyo,Kotiria,Stenzel 2013: 232-233,core,full,-,retained,sʉ,‘arrive (there)’,arrive',-sʉ,TRANSLOCATIVE DIRECTION (+ COMPLETIVE aspect),ANDATIVE/TRANSLOCATIVE,in SVCs,borá-~sʉ-ka’a wa’á+ro koá-ta+a,fall-arrive-do.moving go+(3)SG NONVIS-come+ASSERT.PERF,‘He fell right down (the man heard).’,[A7.86],1,1,1,1,1,1,1,1,3,1,3,3,1,4,4,1,1,3,-1,1,1,3,1,3,-1,1,1,4,1,4,-1,1
007002,Tucanoan,South America,Brasil/Colombia,guan1269,Kotiria-Piratapuyo,Kotiria,Stenzel 2013: 230-231,core,full,-,retained,dʉka,begin',begin',-rʉka [rʰka],INCEPTIVE aspect,INCEPTIVE,in SVCs,to=~bak+ʉ́ +ró-~ká+ré ~dá-wʉ́á-rʉ́ká+á,3SG.POSS=child+MASC+SG-DIM+OBJ get-carry-begin+ASSERT.PERF,‘She picked up (grabbed) her little boy.’,(= (123)) [A5.20],1,1,1,1,1,1,1,1,3,1,3,3,1,4,4,1,1,3,-1,1,1,3,1,3,-1,1,1,4,1,4,-1,1
007003,Tucanoan,South America,Brasil/Colombia,guan1269,Kotiria-Piratapuyo,Kotiria,Stenzel 2013: 209; 223-224,core,SI-PR-BD,-,-,"ta, ta’a",come',come',"ta, ta’a",CISLOCATIVE (VENITIVE),CISLOCATIVE,"as noninitial verbs in SVC; as it is root serialization, we consider those to be bound",-,-,-,-,1,1,-,1,-,-,-,-,3,1,-,3,-,-,-,-,1,3,-1,1,-1,#VALUE!,1,3,-1,#VALUE!,-1,#VALUE!,-1,#VALUE!,-1,#VALUE!
007004,Tucanoan,South America,Brasil/Colombia,guan1269,Kotiria-Piratapuyo,Kotiria,Stenzel 2013: 270-271,core,full,-,retained,(-ri) hi(-ra),(-NOMINALIZER) + COP(-VISUAL evidential),COPULA,-ri hi-ra,INFERRED EVIDENTIAL,"EVIDENTIAL, INFERRED",-,~a=yó tipá wa’á+ri hí+ra,so=do be.flat go+NOM(INFER) COP+VIS.IMPERF.2/3,‘So! This one [basket]’s (been) flattened.’,-,2,2,1,1,1,1,1,1,3,2,4,1,3,2,3,1,1,3,-1,2,1,4,-1,1,1,3,1,2,1,3,-1,1
007005,Tucanoan,South America,Brasil/Colombia,guan1269,Kotiria-Piratapuyo,Kotiria,Stenzel 2013: 109,core,full,-,retained,-ko-ro,feminine gender marker + PARTITIVE/SINGULAR,FEMININE,-koro,(feminine) HONORIFIC marker,HONORIFIC,"other target function: 'Augmentative' (exceptionally large, old, powerful or dangerous)",Kiri-koro,proper_name-HONORIFIC,Ms. Kiri',-,3,2,3,3,1,4,4,1,3,2,3,3,1,4,4,1,-1,3,-1,2,-1,3,-1,3,-1,1,-1,4,-1,4,-1,1
007006,Tucanoan,South America,Brasil/Colombia,guan1269,Kotiria-Piratapuyo,Kotiria,Stenzel 2013: 209; 223-224,core,SI-PR-BD,-,-,wa’a,go',go',wa’a,TRANSLOCATIVE (ANDATIVE),TRANSLOCATIVE,"as noninitial verbs in SVC; as it is root serialization, we consider those to be bound",pitá-~ba-pʉ bu’á-wa’a+a,port-river- LOC go.downhill-go+ ASSERT . PERF,‘They headed down to the river port (from their house).,-,1,1,-,1,-,-,-,-,3,1,-,3,-,-,-,-,1,3,-1,1,-1,#VALUE!,1,3,-1,#VALUE!,-1,#VALUE!,-1,#VALUE!,-1,#VALUE!
007007,Tucanoan,South America,Brasil/Colombia,guan1269,Kotiria-Piratapuyo,Kotiria,Stenzel 2013: 238,core,full,-,retained,basi,know',know',-basi,ABILITY / POSSIBILITY (PI modality),PI-POSSIBILITY,in SVCs,bu’á-wa’a+a,1SG(POSS)=heart+OBJ give-know-NEG-ASSERT.IMPERF,‘I can’t give you my heart.’,[A7.47],1,1,1,1,1,1,1,1,3,1,4,3,1,4,4,1,1,3,-1,1,1,4,1,3,-1,1,1,4,1,4,-1,1
007008,Tucanoan,South America,Brasil/Colombia,guan1269,Kotiria-Piratapuyo,Kotiria,Stenzel 2013: 282-283,core,full,-,(retained),(-ro) koá(-ta-a),(-NMLZ) ‘make noise’(-come-ASSERTIVE.PERF),make noise',-ro koá-taa,NONVISUAL EVIDENTIAL,EVIDENTIAL,-,borá-~sʉ-ka’a wa’á+ro koá-ta+a,fall-arrive-do.moving go+(3)SG NONVIS-come+ASSERT.PERF,‘He (the curupira) fell right down.’ (the speaker heard or otherwise perceived his falling down),[A7.86],1,1,1,1,1,1,1,1,3,1,4,1,3,2,2,1,1,3,-1,1,1,4,-1,1,1,3,1,2,1,2,-1,1
007009,Tucanoan,South America,Brasil/Colombia,guan1269,Kotiria-Piratapuyo,Kotiria,Stenzel 2013:  109; 112,core,full,-,no,-kʉ-ro,masculine gender + PARTITIVE/SINGULAR,MASCULINE,"-kiro, -iro",SINGULATIVE,SINGULAR,the initial /k/ is beginning to get lost (in few words with younger speakers),dacho-(k)iró,maggots-IND,a maggot',-,3,2,3,3,1,4,4,1,3,2,4,3,2,4,4,4,-1,3,-1,2,1,4,-1,3,1,2,-1,4,-1,4,1,4
007010,Tucanoan,South America,Brasil/Colombia,guan1269,Kotiria-Piratapuyo,Kotiria,Stenzel 2013: 231-232,core,full,-,retained,doka,"‘throw, project’ [V]","‘throw, project’ [V]",-roka [rʰka],‘do/be at a distance; distal aspect’,TRANSLOCATIVE,in SVCs,~wahá ~wahá-~ida ~khoá-roka+a,kill kill-NOM.PL lie-DIST+ASSERT.PERF,‘The murderers killed (them and left them) lying off somewhere.’,[A4.5],1,1,1,1,1,1,1,1,3,1,3,3,1,4,4,1,1,3,-1,1,1,3,1,3,-1,1,1,4,1,4,-1,1
007011,Tucanoan,South America,Brasil/Colombia,guan1269,Kotiria-Piratapuyo,Kotiria,Stenzel 2013: 229-230,core,full,-,retained,duku,stand',stand',-ruku [rʰku],DURATIVE/ITERATIVE aspect,ITERATIVE,in SVCs,ti=~dubí+a+re ~ya’á toá+ro=~be’re ~bʉ́-ruku-ta ~sá ~ya’á-ati+a,ANPH=woman+PL+OBJ catch be.fast+SG=COM/INST run-stand-come MOV.inside catch-IMPERF+ASSERT.PERF,"‘(Men) would kidnap women quickly by surrounding (their
longhouse and) then running (inside) to catch them.’","(= (76))
[Ancestors]",1,1,1,1,1,1,1,1,3,1,3,3,1,4,4,1,1,3,-1,1,1,3,1,3,-1,1,1,4,1,4,-1,1
007013,Tucanoan,South America,Brasil/Colombia,guan1269,Kotiria-Piratapuyo,Kotiria,Stenzel 2013: 108,core,full,-,retained,dubi(-a),woman'(-PL),woman',=dubia,PLURAL of female higher animals,PLURAL,only used with a small number of higher animals; could be interpreted as lexicalization alternatively,dieya-dubia,dog-women,female dogs',-,1,1,1,1,1,1,1,1,3,1,4,2,3,3,4,1,1,3,-1,1,1,4,1,2,1,3,1,3,1,4,-1,1
008001,Macro-Jê,South America,Brasil,kara1500,Karajá,Karajá,Ribeiro 2012: 22; 60; 251-253,breadth,SI-PR-BD,-,-,(=bə̄) hə̄,(=CONV) COPULA,COPULA,=bə̄hə̄,HABITUAL (here: 3SG),HABITUAL,"converb marker fuses with the inflected copula, so the habitual is effectively fused with person marking (1SG: wahã; 2SG: bãhã)",r-a-Ø-ɪ-rɔ=bə̄hə̄=r-e,CTFG-1-CTFG-TRANS-eat=HABIT=CTFG-IMPERF,‘I eat it (habitually).’,-,2,2,-,1,-,-,-,-,3,2,-,4,-,-,-,-,1,3,-1,2,-1,#VALUE!,1,4,-1,#VALUE!,-1,#VALUE!,-1,#VALUE!,-1,#VALUE!
008002,Macro-Jê,South America,Brasil,kara1500,Karajá,Karajá,Ribeiro 2012: 152; 207-208,breadth,SI-PR-BD,-,-,idʒoi,guys',guy',idʒoi,1 person PRONOUN (SG & PL),1PL,1SG use is still restricted to males,idʒoi Æ-r-Æ-oi=kre,guys 3-CTFG-INTR-go.PL=FUT,a. ‘The guys will go.’ b. ‘We (incl.) will go.’ c. ‘We (excl.) will go.’ d. ‘I will go.’ e. ‘Let’s go.’,-,1,1,-,1,-,-,-,-,2,1,-,1,-,-,-,-,1,2,-1,1,-1,#VALUE!,-1,1,-1,#VALUE!,-1,#VALUE!,-1,#VALUE!,-1,#VALUE!
010001,Jiváron/Chicham,South America,Peru,huam1247,Shuaric,Wampis,Peña 2015: 420-21,breadth,SI-PR-BD,-,-,waha(-sa),‘stand’ (-ATTENTUATIVE),stand',has,become (+stative)',CHANGE-OF-STATE,stand > posture verb > existential/copula > change-of-state,ui uunta has,1SG big become,‘I have become an adult (already).’,-,1,1,1,1,1,1,1,1,2,2,2,1,1,3,2,1,1,2,1,2,1,2,-1,1,-1,1,1,3,1,2,-1,1
010002,Jiváron/Chicham,South America,Peru,huam1247,Shuaric,Wampis,Peña 2015: 420-21,breadth,SI-PR-BD,-,-,waha(-ka),‘stand’ (-INTENSIVE),stand',hak,become (-stative)',CHANGE-OF-STATE,stand > posture verb > existential/copula > change-of-state,hu=na uruka tuku-inu hak,PROX=ACC how shoot.PFV-NMLZ become,‘How do I shoot this?’,-,1,1,1,1,1,1,1,1,2,2,2,1,1,3,2,1,1,2,1,2,1,2,-1,1,-1,1,1,3,1,2,-1,1
010003,Jiváron/Chicham,South America,Peru,huam1247,Shuaric,Wampis,Peña 2015: 488-491,breadth,SI-PR-BD,-,-,"=na, =v́n",(pronominal/nominal) ACCUSATIVE,ACCUSATIVE,"=v́n, v́",(pronominal/nominal) GENITIVE,GENITIVE,"=na is mostly realized as high tone + -n, in the target function it can already partially be seen as only marked by high tone; reanalysis of accusative into genitive  appears to have been faster in Awajun (genitive marker only -V́ (Overall 2007))",nuá,woman.GEN,of the woman',-,4,2,4?,2,4,3,4,3,4,4,4,4,4,4,4,4,-1,4,1,4,-1,4,1,4,-1,4,1,4,-1,4,1,4
010004,Jiváron/Chicham,South America,Peru,huam1247,Shuaric,Wampis,Peña 2015: 630,breadth,SI-PR-BD,-,-,-ru-i,APPL + marker of low affectedness,low affectedness,-ri,DO in PROXIMITY (associated motion suffix),CISLOCATIVE/VENITITVE,-ru- itself also has the function of 'orientation towards the ground/goal',hu-ri-tá,take-DO.PROX-IMP,‘Come take him!’ (come to point of reference),-,3,1,3,3,1,4,4,1,3,2,3,3,1,4,4,1,-1,3,1,2,-1,3,-1,3,-1,1,-1,4,-1,4,-1,1
010005,Jiváron/Chicham,South America,Peru,huam1247,Shuaric,Wampis,Peña 2015: 649,breadth,SI-PR-BD,-,-,(-ɨ)-ma-ia,(unknown element +) RECENT PAST + DISTANT PAST,RECENT PAST + DISTANT PAST,-ɨmia,INTERMEDIATE PAST,INTERMEDIATE PAST,"-ɨmia is decomposable into -ɨ and -mia, the non-imperfective plural -ara (3PL) may come in between: -ɨ-ara-mia",A. nampɨku M. uaina-ɨmia-ji nampɨku,A. drunk M. see-INTERM.PT-3.PT.DECL drunk,"At. was drunk, M. saw him.’",-,3,2,4,3,3/4,4,4,1,3,2,4,3,4,4,4,1,-1,3,-1,2,-1,4,-1,3,1,4,-1,4,-1,4,-1,1
010006,Jiváron/Chicham,South America,Peru,huam1247,Shuaric,Wampis,Peña 2015: 651-653,breadth,SI-PR-BD,-,-,uaha(-ka-u (timaji)), ‘stand’(-INTENSIVE-SUBJ.NMLZ (+ NARRATIVE marker)) (‘one who stands doing X’),stand',=hak-u (timaji),Habitual Past,HABITUAL PAST,"instead of the Narrative marker, also the clitic COPULA can occur (both serve finitization of the complex); haku can still constitute a phonological word, but attaches to the 'inner root'",iaunt͡ʃukɨ=ka auhu ʃuara a=hak-u timaji,long.ago=FOC Common.Potoo person COP=HAB.PT-NMLZ NARR,‘It is said that Auju used to be a person long ago.’,-,1,1,1,1,1,1,1,1,3,1,4,2,4,3,1,1,1,3,-1,1,1,4,1,2,1,4,1,3,-1,1,-1,1
010007,Jiváron/Chicham,South America,Peru,huam1247,Shuaric,Wampis,Peña 2015: 703,breadth,SI-PR-BD,-,-,-ta(-(n)ĩ),ACTION NOMINALIZER-LOCATIVE,NOMINALIZER,-taĩ,NOMINALIZER (OBEJCT/LOCATIVE/INSTRUMENT NOMINALIZER),NOMINALIZER,maybe the locative -(n)ĩ is cognate with the old Jivaroan instrumental *-ĩ,aiama-taĩ  nama uɨ-a-ha-i,rest-NMLZ=LOC go-IPFV-1SG.SBJ-DECL,‘I am going to the resting place’,-,3,2,3,3,1,4,4,2,3,2,3,3,1,4,4,1,-1,3,-1,2,-1,3,-1,3,-1,1,-1,4,-1,4,-1,1
010008,Jiváron/Chicham,South America,Peru,huam1247,Shuaric,Wampis,Peña 2015: 336,breadth,SI-PR-BD,-,-,naa,hesitation marker,HESITATION,naa,Cataphoric hesitation pronoun,pronoun,there is a noun naa-ri '(3SG POSS) nombre' ... Connection possible? (Peña considers it possible (p.c.)),iṕ atu-a-mau=ʃa hɨã =na=ka tukɨ naa=na=ka taniʃa=na=ka iumpu-a-t͡ʃau,shoot-IPFV-NMLZ=ADD house=ACC=FOC INTERJ HESIT.PRO=ACC=FOC wall=ACC=FOC break-IPFV-NEG.NMLZ,‘The shots at the house did not break umm... the wall.’,-,3,2,3,1,1,1,2,1,2,2,2,1,1,1,1,1,-1,2,-1,2,-1,2,-1,1,-1,1,-1,1,-1,1,-1,1
010009,Jiváron/Chicham,South America,Peru,huam1247,Shuaric,Wampis,Peña 2015: 807-808,breadth,SI-PR-BD,-,-,-(n)ĩ,LOCATIVE,LOCATIVE,-(n)ĩ,different-subject marker (for subordinated clauses),SWITCH-REFERENCE,"source: LOC allomorph that occurs in demonstratives, bur can also occur with some nouns; allomorphy: -ni ̃ occurs only after /-i/; -(n)ĩ marks all forms of simultaneous DS clauses, but only 2SG, 2PL, 1PL in sequential DS clauses)",puha-ku-mi-ni,live.IPFV-SIMUL-2SG-DS,... while you live.',-,4,2,4,3,4,4,4,2/3,4,2,4,3,4,4,4,2,-1,4,-1,2,-1,4,-1,3,-1,4,-1,4,-1,4,-1,2
010010,Jiváron/Chicham,South America,Peru,huam1247,Shuaric,Wampis,Peña 2015: 538,breadth,SI-PR-BD,-,-,puhu,live',live',puhu,CONTINUOUS/HABITAL aux,CONTINUOUS/HABITUAL,live > be > CONT/HAB,-,-,-,-,1,1,1,1,1,1,1,1,3,1,3,1,4,3,2,1,1,3,-1,1,1,3,-1,1,1,4,1,3,1,2,-1,1
010011,Jiváron/Chicham,South America,Peru,huam1247,Shuaric,Wampis,Peña 2015: 538,breadth,SI-PR-BD,-,-,mat͡sa-tu,"inhabit, live together (plural)' ('put (several things together)'-APPL)","inhabit, live together (plural)'",mat͡satu,CONTINUOUS aux,CONTINUOUS,-,-,-,-,-,1,1,1,1,1,1,1,1,3,1,3,1,4,3,2,1,1,3,-1,1,1,3,-1,1,1,4,1,3,1,2,-1,1
010012,Jiváron/Chicham,South America,Peru,huam1247,Shuaric,Wampis,Peña 2015: 538,breadth,SI-PR-BD,-,-,wɨ,go',go',wɨ,PROGRESSIVE aux,PROGESSIVE,-,-,-,-,-,1,2,1,1,1,1,1,1,3,2,3,1,4,3,2,1,1,3,-1,2,1,3,-1,1,1,4,1,3,1,2,-1,1
010013,Jiváron/Chicham,South America,Peru,huam1247,Shuaric,Wampis,Peña 2015: 538,breadth,SI-PR-BD,-,-,waha(-sa),stand'(-ATTENUATIVE),stand',waha-sa,STATIVE/body posture aux,POSTURE VERB,-,-,-,-,-,1,1,-,1,-,-,-,-,2,1,-,1,-,-,-,-,1,2,-1,1,-1,#VALUE!,-1,1,-1,#VALUE!,-1,#VALUE!,-1,#VALUE!,-1,#VALUE!
010014,Jiváron/Chicham,South America,Peru,huam1247,Shuaric,Wampis,Peña 2015: 538,breadth,SI-PR-BD,-,-,tɨpɨ(-sa),'lie down'(-ATTENUATIVE),'lie down',tɨpɨ-sa,STATIVE/body posture aux,POSTURE VERB,"2015b on Locational expressions: 'Most posture verbs form a stative stem with the attenuative -sa."" --> wouldn't that rather mean that the ATTENUATIVE has acquired additional functions?",-,-,-,-,1,1,-,1,-,-,-,-,2,1,-,1,-,-,-,-,1,2,-1,1,-1,#VALUE!,-1,1,-1,#VALUE!,-1,#VALUE!,-1,#VALUE!,-1,#VALUE!
010015,Jiváron/Chicham,South America,Peru,huam1247,Shuaric,Wampis,Peña 2015: 538,breadth,SI-PR-BD,-,-,ɨkɨma(-sa),'sit'(-ATTENUATIVE),'sit',ɨkɨma-sa,STATIVE/body posture aux,POSTURE VERB,-,nu=na ii puhu-ra-mia-ha-i natɨma uma ɨkɨma-sa-nu,that=ACC see live(DUR)-DISTR-DIST.PT-1-DECL ayahuasca drink+ipfv sit-ATT-1.SS,I was seeing that when I was drinking ayahuasca.' (Peña 2015b),-,1,1,-,1,-,-,-,-,2,1,-,1,-,-,-,-,1,2,-1,1,-1,#VALUE!,-1,1,-1,#VALUE!,-1,#VALUE!,-1,#VALUE!,-1,#VALUE!
010016,Jiváron/Chicham,South America,Peru,huam1247,Shuaric,Wampis,Peña 2015: 390,breadth,SI-PR-BD,-,-,nunka,earth',earth',nunka,below' (adverbial),below',can be used with or without locative marking,nunka-nĩn=ka himaratura jaki-nĩ=ʃa himara=ka,below-LOC.ALL=FOC two and above-LOC.ALL=ADD two=FOC,Below two [baskets] and above two too.' (Describing how to make a pitaka 'traveling basket': the basket is composed of four waterproof compartments: two above and two below) (Peña 2015b: 3),-,1,1,1,1,1,1,1,1,2,1,2,1,1,3,4,1,1,2,-1,1,1,2,-1,1,-1,1,1,3,1,4,-1,1
010017,Jiváron/Chicham,South America,Peru,huam1247,Shuaric,Wampis,Peña 2015: 390,breadth,SI-PR-BD,-,-,atu(=ni),‘on the river bank'(=ALL) (?),'on the river bank’,atuni,‘far off’,‘far off',-,-,-,-,-,2,1,1,1,1,1,1,1,2,1,2,1,1,2,4,1,-1,2,-1,1,1,2,-1,1,-1,1,1,2,1,4,-1,1
010018,Jiváron/Chicham,South America,Peru,huam1247,Shuaric,Wampis,Peña 2015: 450-451,breadth,SI-PR-BD,-,-,waha(-ka) (-in),stand' (-NOMINALIZER),stand',=hakin,AUGMENTATIVE NOMINALIZER,AUGMENTATIVE,(comparable with ‘foot’ in Trio),tanta hak-in,belly HAK-NMNLZ,person with a big belly' (lit. belly stand-er),-,1,1,-,1,-,-,-,-,3,2,-,1,-,-,-,-,1,3,1,2,-1,#VALUE!,-1,1,-1,#VALUE!,-1,#VALUE!,-1,#VALUE!,-1,#VALUE!
011001,Witoto,South America,Colombia,muru1274,Minica-Murui,Murui Huitoto,Wojtylak 2017: 302-303,core,full,-,-,jerei-mo,'guts'( -LOC),guts',jereimo,'inside of' (adposition),inside of',-,[ie jerei-mo]LOC aki-e izoi kaɨS i-tɨ-kaɨPRED,CONN inside-LOC AUDIT-CLF:G similar 1pl exist-LK-1pl,‘And inside of this (maloca) that’s how we lived.’,-,1,1,1,1,1,1,1,1,2,1,1,1,1,1,1,1,1,2,-1,1,-1,1,-1,1,-1,1,-1,1,-1,1,-1,1
011002,Witoto,South America,Colombia,muru1274,Minica-Murui,Murui Huitoto,Wojtylak 2017: 160; 162; 224,core,full,-,-,ja(=dɨ),adverbial DEM ‘here’ (+ topical S/A subject marker),here',jadɨ,visible DEM,DEMONSTRATIVE,"(the -dɨ in jadɨ could as well be the other lost demonstrative mentioned elsewhere, so that the structure would be like ‘here this’ or ‘this here’ instead of ‘just here; right here’)",moo... jadi-kɨnoNP:O jɨka-no-tɨ-kue,father this.CTH-CLF:NEWS request-SMLF-LK-1sg,‘Father... I ask this of you (this plea that is now with you)’,-,2,2,2,1,1,1,1,1,2,2,2,1,1,1,1,1,-1,2,-1,2,-1,2,-1,1,-1,1,-1,1,-1,1,-1,1
011003,Witoto,South America,Colombia,muru1274,Minica-Murui,Murui Huitoto,Wojtylak 2017: 222; 276-277,core,full,(old Murui?),-,dɨ-ga,DEMONSTRATIVE (-general quantifier),DEMONSTRATIVE,dɨga,'with’ (comitative adposition),COMITATIVE,-,[da-mɨe aa-ma-ni]NP:O dɨga maɨjɨ-dɨ-kaɨ,one-CLF:PR.M brother-CLF:DR.M-PRIV WITH work-LK-1PL,‘We work with three men.’,-,2,2,2,1,1,1,2,1,3,2,2,3,1,3,4,2,1,3,-1,2,-1,2,1,3,-1,1,1,3,1,4,1,2
012001,Takanan,South America,Bolivia,esee1248,Takanik-Chamik,Ese'eja,Kuteva et al. 2019: 132; Vulliermet 2012: 277,breadth,SI-PR-BD,-,-,(y)eje-,cross X' (motion verb),to cross',=je,PERLATIVE marker,PERLATIVE,(in this orthography <j> equals [x]),-,-,-,-,1,1,1,1,1,1,1,1,3,2,4,2,4,3,4,1,1,3,1,2,1,4,1,2,1,4,1,3,1,4,-1,1
012002,Takanan,South America,Bolivia,esee1248,Takanik-Chamik,Ese'eja,Vulliermet 2012: 402-403; 478-480 (also: Kuteva et al. 2019: 207),breadth,SI-PR-BD,-,-,poki-,go',go',"-poki-, -pokya-",CONTINUOUS aspect marker,DURATIVE,allomorphy conditioned by verb valency (pokya for trans.),"Xeya=nei=se kya-weya -nee-nee ba'e-poki-ani, ke-má-nee-nee.",now=INTS=1INCL.ABS APF-lazy-very-RED live-go/CONTINTR-PRS field-PRIV-very-RED,"‘Right now we keep living in a lazy manner, without field at all.’",{KaVid.044},1,1,1,1,1,1,1,1,3,1,4,3,4,4,4,1,1,3,-1,1,1,4,1,3,1,4,1,4,1,4,-1,1
012003,Takanan,South America,Bolivia,esee1248,Takanik-Chamik,Ese'eja,Vulliermet 2012: 239-240; 2544; 454-455; 458,breadth,SI-PR-BD,-,-,-a po-a,-PAST COP-PAST,COPULA,-a=pwá,REMOTE PAST,"PAST, DISTANT",-,Jamaxeya poxa'a Koxamá pya eki=asixe poki-'yo-a=pwa,therefore maybe K. other house=ALL go-TEL-RPAS=RPAS,‘It is maybe therefore that Koxamá moved into another house.’,{OtEkw.111},2,2,-,1,-,-,-,-,3,3,-,2,-,-,-,-,1,3,1,3,-1,#VALUE!,1,2,-1,#VALUE!,-1,#VALUE!,-1,#VALUE!,-1,#VALUE!
012004,Takanan,South America,Bolivia,esee1248,Takanik-Chamik,Ese'eja,Vulliermet 2012: 685; 687,breadth,SI-PR-BD,-,-,-jebe,"ASSOCIATED MOTION (do_returning, to cross)",ASSOCIATED MOTION,-je,FUTURE,FUTURE,path is speculative,-,-,-,-,2,1,-,3,-,-,-,-,3,2,-,3,3,-,-,-,1,3,1,2,-1,#VALUE!,-1,3,1,3,-1,#VALUE!,-1,#VALUE!,-1,#VALUE!
012005,Takanan,South America,Bolivia,esee1248,Takanik-Chamik,Ese'eja,Vulliermet 2012: 440-441; 476,breadth,SI-PR-BD,-,-,majamaja,dance' (reduplicated),dance',-majamaja-,ITERATIVE,ITERATIVE,-,Xa-ba-majamaja-ki-naje.,MID-see-ITER-MID-PAS,‘He keeps thinking.’,-,1,1,-,1,-,-,-,-,3,1,-,3,-,-,-,-,1,3,-1,1,-1,#VALUE!,1,3,-1,#VALUE!,-1,#VALUE!,-1,#VALUE!,-1,#VALUE!
012006,Takanan,South America,Bolivia,esee1248,Takanik-Chamik,Ese'eja,Vulliermet 2012: 599-600; 577,breadth,SI-PR-BD,-,-,=a,ERGATIVE,ERGATIVE,=a,same-subject marker,SWITCH-REFERENCE,-,¡[Ixya-ixya-ximawa=a] a'a bikya-bikya ixya-xi!,eat-RED-BEFORE=SS IMP_NEG sweet-RED eat-IMP_NEG,‘Do not eat sweets [before eating (a meal)]!’,{bikya.005},4,2,-,2,-,-,-,-,4,2,-,2,-,-,-,-,-1,4,-1,2,-1,#VALUE!,-1,2,-1,#VALUE!,-1,#VALUE!,-1,#VALUE!,-1,#VALUE!
012007,Takanan,South America,Bolivia,esee1248,Takanik-Chamik,Ese'eja,Vulliermet 2012: 451-454; 633-638; 273,breadth,SI-PR-BD,-,-,ba'e,float',float',-ba'e,PRESENT (allomorph) (still implying posture),PRESENT,-,Shokwi-shokwi-ba'e.,swim-RED-float/PRS,‘He is swimming (in a floating position).’,{SoFWAVc.025},1,1,-,1,-,-,-,-,3,1,-,3,-,-,-,-,1,3,-1,1,-1,#VALUE!,1,3,-1,#VALUE!,-1,#VALUE!,-1,#VALUE!,-1,#VALUE!
012008,Takanan,South America,Bolivia,esee1248,Takanik-Chamik,Ese'eja,Vulliermet 2012: 380; 476; 480; 638-640; 481,breadth,SI-PR-BD,-,-,ba'e,float',float',-ba'e-,IMPERFECTIVE (DURATIVE/HABITUAL),HABITUAL,-,"Pa-ba'e-naje=tii, kibi=jo ba'e.",cry-float/IPFV-PAS=INTS hammock=LOC float,"‘They cry, lying in their hammock.’",-,1,1,-,1,-,-,-,-,3,1,-,3,-,-,-,-,1,3,-1,1,-1,#VALUE!,1,3,-1,#VALUE!,-1,#VALUE!,-1,#VALUE!,-1,#VALUE!
012009,Takanan,South America,Bolivia,esee1248,Takanik-Chamik,Ese'eja,Vulliermet 2012: 489,breadth,SI-PR-BD,-,-,pajya-,forget',forget',-pajya,STOP (Aktionsart),CESSATIVE?,-,Y majoya oya na-kwaya-pajya-ki-naje.,and(Sp) then 3ABS blood-go_out-STOP-GO_TO_DO-PAS,‘And then he stopped spitting blood / his blood stop going out (lit. he blood-goout-stopped).’,{SoVia.011},1,1,-,1,-,-,-,-,3,1,-,3,-,-,-,-,1,3,-1,1,-1,#VALUE!,1,3,-1,#VALUE!,-1,#VALUE!,-1,#VALUE!,-1,#VALUE!
012010,Takanan,South America,Bolivia,esee1248,Takanik-Chamik,Ese'eja,Vulliermet 2012: 273; 451-454; 633-638,breadth,SI-PR-BD,-,-,jaa,lie',lie',-jaa,PRESENT (allomorph) (still implying posture),PRESENT,-,-,-,-,-,1,2,-,1,-,-,-,-,3,2,-,3,-,-,-,-,1,3,-1,2,-1,#VALUE!,1,3,-1,#VALUE!,-1,#VALUE!,-1,#VALUE!,-1,#VALUE!
012011,Takanan,South America,Bolivia,esee1248,Takanik-Chamik,Ese'eja,Vulliermet 2012: 380; 476; 480; 638-640,breadth,SI-PR-BD,-,-,jaa,lie',lie',-jaa,IMPERFECTIVE (DURATIVE/HABITUAL),HABITUAL,-,"Pa-jaa-naje=tii, cama=jo jaa, banco=jo ani poxyama, silla=jo ani poxyama, cama=jo jaa.",cry-lie/IPFV-PAS=INTS bed(Sp)=LOC lie bench(Sp)=LOC sit THIS_IS_NOT seat(Sp)=LOC sit IT.IS.NOT bed(Sp)=LOC lie,"‘They cried (lying), lying in (their) beds, not seating on a bench or on a seat (but) lying in their beds.’",-,1,2,-,1,-,-,-,-,3,2,-,3,-,-,-,-,1,3,-1,2,-1,#VALUE!,1,3,-1,#VALUE!,-1,#VALUE!,-1,#VALUE!,-1,#VALUE!
012012,Takanan,South America,Bolivia,esee1248,Takanik-Chamik,Ese'eja,Vulliermet 2012: 599; 600; 601; 487,breadth,SI-PR-BD,-,-,=jo,LOCATIVE,LOCATIVE,-jo,different-subject marker (for subordinated clauses),SWITCH-REFERENCE,(glossing of example slightly adapted),O=poki-ximawa=jo ekí iya-jeyo-ka-xi.,3=go-BEFORE=DS house sitTR-FINISH-EXT_OBL-EXT_OBL,‘One has to finish building the house before he goes.’,-,3,2,-,2,-,-,-,-,4,2,-,3,-,-,-,-,1,4,-1,2,-1,#VALUE!,1,3,-1,#VALUE!,-1,#VALUE!,-1,#VALUE!,-1,#VALUE!
012013,Takanan,South America,Bolivia,esee1248,Takanik-Chamik,Ese'eja,Vulliermet 2012: 435,breadth,SI-PR-BD,-,-,(xa- ... -ki)-ne,"(CHANGE-OF-STATE NOMINALIZER +) 'make, produce'",make',xa- ... -ne-ki,VERBALIZER (deriving action verbs),VERBALIZER,-,xa-noo-ne-ki-naje,VBZ-brother-VBZ-VBZ-PAS,‘she had a brother’ (lit. she was brothered),-,1,1,-,1,-,-,-,-,3,1,-,3,-,-,-,-,1,3,-1,1,-1,#VALUE!,1,3,-1,#VALUE!,-1,#VALUE!,-1,#VALUE!,-1,#VALUE!
012014,Takanan,South America,Bolivia,esee1248,Takanik-Chamik,Ese'eja,Vulliermet 2012: 600-601,breadth,SI-PR-BD,-,-,xima(-wa),'not yet'(-ASSOCIATED MOTION ('come to do')),'not yet',-ximawa,'before' (SUBORDINATOR),ANTERIOR,-,¡[Ixya-ixya-ximawa=a] a'a bikya-bikya ixya-xi!,eat-RED-BEFORE=SS IMP_NEG sweet-RED eat-IMP_NEG,‘Do not eat sweets [before eating (a meal)]!’,-,3,1,-,1,-,-,-,-,3,1,-,3,-,-,-,-,-1,3,-1,1,-1,#VALUE!,1,3,-1,#VALUE!,-1,#VALUE!,-1,#VALUE!,-1,#VALUE!
012015,Takanan,South America,Bolivia,esee1248,Takanik-Chamik,Ese'eja,Vulliermet 2012: 685; 687,breadth,SI-PR-BD,-,-,-na-jebe,ASSOCIATED MOTION (do&return-do_returning),ASSOCIATED MOTION,-naje,PAST,PAST,path is speculative,-,-,-,-,2,1,-,3,-,-,-,-,3,1,-,3,-,-,-,-,1,3,-1,1,-1,#VALUE!,-1,3,-1,#VALUE!,-1,#VALUE!,-1,#VALUE!,-1,#VALUE!
012016,Takanan,South America,Bolivia,esee1248,Takanik-Chamik,Ese'eja,Vulliermet 2012: 451-454; 633-638,breadth,SI-PR-BD,-,-,ani,sit',sit',"-ani, -aña",PRESENT (allomorph) (still implying posture),PRESENT,most frequent & semantically bleached allomorph,"Shaxa'axa-tay-aña pero mikye=wowi-tay, eya miyaya wowi-tay-aña.",hear-bad-sit/PRS.A1/2 but(Sp) 2SG.GEN=say-bad 1SG.ABS 2SG.ERG say-bad-sit/PRSA1/2,"‘I hear bad, but it was said wrong (by you), you are saying it wrong to me.’",-,1,1,-,1,-,-,-,-,3,1,-,3,-,-,-,-,1,3,-1,1,-1,#VALUE!,1,3,-1,#VALUE!,-1,#VALUE!,-1,#VALUE!,-1,#VALUE!
012017,Takanan,South America,Bolivia,esee1248,Takanik-Chamik,Ese'eja,Vulliermet 2012: 380; 476; 480; 638-640,breadth,SI-PR-BD,-,-,ani,sit',sit',-ani,IMPERFECTIVE (DURATIVE/HABITUAL),HABITUAL,-,"…ajyo onaya xa-daki-xeshe-ki-ani-naje, a'e onaaya ixya-ka-ani-naje.",QLOC 3INDEF.ABS MID-cloth-get-MID-sit/IPFV-PAS QABS 3INDEF.ERG eat-3A-sit/IPFV-PAS,"‘(I tell this story so as to know) with what (the ancestors) used to make their clothes, what they used to eat.’",{KaBab.004},1,1,-,1,-,-,-,-,3,1,-,3,-,-,-,-,1,3,-1,1,-1,#VALUE!,1,3,-1,#VALUE!,-1,#VALUE!,-1,#VALUE!,-1,#VALUE!
012018,Takanan,South America,Bolivia,esee1248,Takanik-Chamik,Ese'eja,Vulliermet 2012: 451-454; 633-638,breadth,SI-PR-BD,-,-,neki-,stand',stand',"-eki, -ki",PRESENT (allomorph) (still implying posture),PRESENT,-,E-sho'i neki o taaa-ki poxa'a,NPF-child stand.PRS or(Sp) shout-stand/PRS maybe,"‘The child is standing, maybe he is (lit. stands) shouting.’",{KaFWA.011},1,1,-,1,-,-,-,-,3,2,-,3,-,-,-,-,1,3,1,2,-1,#VALUE!,1,3,-1,#VALUE!,-1,#VALUE!,-1,#VALUE!,-1,#VALUE!
012019,Takanan,South America,Bolivia,esee1248,Takanik-Chamik,Ese'eja,Vulliermet 2012: 380; 476; 480-481; 638-640,breadth,SI-PR-BD,-,-,neki-,stand',stand',-neki-,IMPERFECTIVE (DURATIVE/HABITUAL),HABITUAL,-,Ekwana iña-iña-neki-ani.,1EXCL.ABS grab-RED-stand/IPFV-sit/PRS,"‘We are grabing fish (for quite a long time, standing).’ (ctx: the consultant explains how women fish in ponds)",{KoEkw.009},1,1,-,1,-,-,-,-,3,1,-,3,-,-,-,-,1,3,-1,1,-1,#VALUE!,1,3,-1,#VALUE!,-1,#VALUE!,-1,#VALUE!,-1,#VALUE!
013002,Nadahup,South America,Brazil/Colombia,hupd1244,Hup-Yuhup,Hup,Epps 2008: 504; 634-641,core,full,-,retained,Ɂu͂h-,‘opposite-sex sibling’,‘opposite-sex sibling’,Ɂu͂h,EPISTEMIC MODALITY (PROBABILITY),PROBABILITY,-,hɔ͂̌p yǽ͂Ɂ =d’əh Ɂu͂́h !,fish roast=PL EPIST,‘Maybe it’s people cooking fish.’,-,1,2,1,1,1,1,1,1,3,2,3,1,1,3,4,1,1,3,-1,2,1,3,-1,1,-1,1,1,3,1,4,-1,1
013003,Nadahup,South America,Brazil/Colombia,hupd1244,Hup-Yuhup,Hup,Epps 2008: 653-654,core,full,-,retained,cud,‘be located inside something else’,be inside',=cud,INFERRED EVIDENTIAL,EVIDENTIAL,-,yiwík=cud,heavy=INFR,‘It must have been heavy.’,-,1,2,1,1,1,1,1,1,3,2,3,3,1,3,4,1,1,3,-1,2,1,3,1,3,-1,1,1,3,1,4,-1,1
013004,Nadahup,South America,Brazil/Colombia,hupd1244,Hup-Yuhup,Hup,Epps 2008: 156; 352-353,core,full,-,retained,pog,‘big’,big',-pog,EMPHASIS,EMPHASIS,-,hũ̌t b’ɨ́yɨɁ d’oɁ-g’et-póg !,tobacco only take-stand.IMP-EMPH1,‘Just get tobacco!’,-,1,2,1,1,1,1,1,1,3,2,3,3,1,4,4,1,1,3,-1,2,1,3,1,3,-1,1,1,4,1,4,-1,1
013005,Nadahup,South America,Brazil/Colombia,hupd1244,Hup-Yuhup,Hup,Epps 2008: 386,core,full,-,retained,ni-,"COPULA (‘be, exist’)",COPULA,-ni,INFERRED EVIDENTIAL,"EVIDENTIAL, INFERRED",-,n’ikán Ɂãh macã-ní-h,over.there 1sg be.born-INFR2-DECL,‘I was born over there.’,-,2,2,1,1,1,1,1,1,3,2,3,3,1,4,4,1,1,3,-1,2,1,3,1,3,-1,1,1,4,1,4,-1,1
013006,Nadahup,South America,Brazil/Colombia,hupd1244,Hup-Yuhup,Hup,Epps 2008: 423,core,SI-PR-BD,-,-,-tubud-,"‘die, lose consciousness’",'die,-tubud-,COMPLETIVE / INTENSIFIER,INTENSIFIER,-,"cet-ham-tubud-yɨ́Ɂ-ɨ́y, hup=Ɂã́y-ǎn",carry.on.back-go-INTS3-TEL-DYNM person=FEM-OBJ,‘(He) carried the girl a long way off!’,-,1,1,-,1,-,-,-,-,3,1,-,3,-,-,-,-,1,3,-1,1,-1,#VALUE!,1,3,-1,#VALUE!,-1,#VALUE!,-1,#VALUE!,-1,#VALUE!
013007,Nadahup,South America,Brazil/Colombia,hupd1244,Hup-Yuhup,Hup,Epps 2008: 549-554,core,full,-,retained,cɨ́͂p,‘finish off a basket’,finish off a basket',"-cɨ́͂w, -cɨ́͂p",COMPLETIVE,COMPLETIVE,-,wæd-yɨɁ-cɨ́͂w-ɨ͂́y,eat-TEL-COMPL-DYNM,‘already ate all of something’,-,1,2,1,1,1,1,1,1,3,2,3,3,1,4,4,3,1,3,-1,2,1,3,1,3,-1,1,1,4,1,4,1,3
013008,Nadahup,South America,Brazil/Colombia,hupd1244,Hup-Yuhup,Hup,Epps 2008: 618-619,core,full,-,no,*tæ͂́Ɂ,'be as if’ (?),'be as if’,-tæ͂́Ɂ,COUNTERFACTUAL,COUNTERFACTUAL,also fulfilling avertive functions,nihu͂́Ɂ nǽ núp j’áh cóɁ ni-tæ͂́Ɂ-ní-h !,all NEG:R this land LOC be-CNTRFCT-INFR2-DECL,‘All of these (evil beings) were almost/would have been in our land!’,-,1,2,1,1,1,1,1,1,3,2,3,3,1,4,4,1,1,3,-1,2,1,3,1,3,-1,1,1,4,1,4,-1,1
013009,Nadahup,South America,Brazil/Colombia,hupd1244,Hup-Yuhup,Hup,Epps 2008: 153-156; 649-650,core,full,-,retained,hɔ͂h,‘make sound’,'make,=hɔ͂(h),NONVISUAL EVIDENTIAL,EVIDENTIAL,-,náciya pǽ-ǽy= hɔ͂,boat go.upriver-DYNM=NONVIS,‘The boat is going upriver (I can hear it).’,-,1,2,1,1,1,1,1,1,3,2,3,3,1,3,4,1,1,3,-1,2,1,3,1,3,-1,1,1,3,1,4,-1,1
013010,Nadahup,South America,Brazil/Colombia,hupd1244,Hup-Yuhup,Hup,Epps 2008: 681-684,core,full,-,retained,=Ɂɨ͂h,‘man’ (bound general masculine animate noun),man',=Ɂɨ͂h,EMPHASIS marker,EMPHASIS,-,húp=pog Ɂú͂h tɨh=Ɂi͂h !,person-EMPH1 EPIST 3sg=MSC,‘Could that be a person?!’,-,1,2,1,2,1,1,1,1,3,2,3,2,1,3,4,1,1,3,-1,2,1,3,-1,2,-1,1,1,3,1,4,-1,1
013011,Nadahup,South America,Brazil/Colombia,hupd1244,Hup-Yuhup,Hup,Epps 2008: 152-153; 565-566,core,full,-,retained,bɨ́g,‘old’,'old',"bɨ́g, bɨ́",HABITUAL,HABITUAL,-,Ɂɨ́d-ɨ́y bɨ́g Ɂa͂́h-Ɂa͂́h,speak-DYNM HAB 1sg-DECL,‘I habitually speak (Tukano)’,-,1,2,1,1,1,1,1,1,3,2,3,3,1,3,4,3,1,3,-1,2,1,3,1,3,-1,1,1,3,1,4,1,3
013012,Nadahup,South America,Brazil/Colombia,hupd1244,Hup-Yuhup,Hup,Epps 2008: 355-357,core,full,-,retained,=wəhəd,‘old man’,old man',=wəd,HONORIFIC,HONORIFIC,-,tɨh=wəhəd=wəd,3sg=old.man=RESP,‘the respected old man’,-,1,1,1,2,1,1,1,1,3,2,3,2,1,3,4,1,1,3,1,2,1,3,-1,2,-1,1,1,3,1,4,-1,1
013014,Nadahup,South America,Brazil/Colombia,hupd1244,Hup-Yuhup,Hup,Epps 2008: 473-487,core,full,-,retained,hup-,"person, human being'",person',hup-,REFLEXIVE/PASSIVE,PASSIVE,-,tɨh hup-kɨt-ɨy,3sg RFLX-cut-DYNM,‘He cut himself.’ or: ‘He got cut (by someone else).’,-,1,2,1,1,1,1,1,1,3,2,3,3,1,3,4,1,1,3,-1,2,1,3,1,3,-1,1,1,3,1,4,-1,1
013015,Nadahup,South America,Brazil/Colombia,hupd1244,Hup-Yuhup,Hup,Epps 2008: 332-333,core,full,-,retained,tɨh,3SG pronoun,PERSONAL PRONOUN,tɨh=,ATTRIBUTIVE marker,ATTRIBUTIVE,-,j’ám nɨ̌ [b’éj tɨh=pǒg] hɨd d’oɁ-way-yɨɁ-ní-h!,yesterday 1sg.POSS jandia 3sg=big 3pl take-go.out-TEL-INFR2-DECL,‘Yesterday they took out my big jandia fish!’,-,2,2,2,1,1,2,1,1,4,2,3,2,1,3,4,1,1,4,-1,2,1,3,1,2,-1,1,1,3,1,4,-1,1
013016,Nadahup,South America,Brazil/Colombia,hupd1244,Hup-Yuhup,Hup,Epps 2008: 149; 426-427; 620-627,core,full,-,retained,yæ͂h-,"‘request, command, compel’",'request,yæ͂h-,FRUSTRATIVE,FRUSTRATIVE,-,núw-ǎn Ɂãh túk-úy yæ͂h,this-OBJ 1sg want-DYNM FRUST,‘I’d like this one (but I don’t expect to get it).’,-,1,2,1,1,1,1,1,1,3,2,3,3,1,3,4,1,1,3,-1,2,1,3,1,3,-1,1,1,3,1,4,-1,1
013017,Nadahup,South America,Brazil/Colombia,hupd1244,Hup-Yuhup,Hup,Epps 2008: 153; 578-579,core,full,-,retained,b'ay,‘return’,return',-b'ay,ITERATIVE (also TOPIC shift),ITERATIVE,-,hɨd key-b’áy-b’ay-áh,3pl see-return-AGAIN-DECL,‘They go back again to see.’,-,1,2,1,1,1,1,1,1,3,2,3,3,1,3,4,1,1,3,-1,2,1,3,1,3,-1,1,1,3,1,4,-1,1
013018,Nadahup,South America,Brazil/Colombia,hupd1244,Hup-Yuhup,Hup,Epps 2008: 870-871,core,full,-,retained,key-yóɁ,‘see’(-sequential) ('having seen'),see',keyóɁ,REASON subordinator,REASON,-,yɨ́t [tɨ́h Ɂɔ͂t-ɔ͂y keyóɁ]=mah tɨ́h=Ɂíp tɨ́h-ǎn hǎyɁah cóɁ d’oɁ-way-g’et-yɨ́Ɂ-ɨ́h,thus 3sg cry-DYNM CAUSE=REP 3sg=father 3sg-OBJ outside LOC take-go.out-stand-TEL-DECL,"‘So [because (the child) cried] her father put her outside, it’s said.’",-,1,2,1,1,1,1,1,1,3,2,2,1,1,3,4,1,1,3,-1,2,1,2,-1,1,-1,1,1,3,1,4,-1,1
013019,Nadahup,South America,Brazil/Colombia,hupd1244,Hup-Yuhup,Hup,Epps 2008: 422,core,SI-PR-BD,-,-,-key,‘see’,'see',-key,‘experience/try to do V’ (AUX),CONATIVE,-,Ɂám cóɁ-óy Ɂəg-key-kǽm !,2sg LOC-DYNM drink-see-IMP2,‘You try some (drink)!’,-,1,2,-,1,-,-,-,-,3,2,-,3,-,-,-,-,1,3,-1,2,-1,#VALUE!,1,3,-1,#VALUE!,-1,#VALUE!,-1,#VALUE!,-1,#VALUE!
013020,Nadahup,South America,Brazil/Colombia,hupd1244,Hup-Yuhup,Hup,Epps 2008: 156; 352-353,core,full,-,no,*mæh,'small’,'small’,-mæh,Verbal DIMINUTIVE / ATTENUATIVE,ATTENUATIVE,-,"teghɔ̃́=nɔg’ǒd Ɂãh wɨɁ-mæ̃h-ǽ̃h, cípmæh=yɨɁ",Non.Indian=mouth 1sg hear-DIM-DECL little=TEL,‘I understand just a little Portuguese.’,-,1,2,1,1,1,1,1,1,3,2,3,3,1,4,4,1,1,3,-1,2,1,3,1,3,-1,1,1,4,1,4,-1,1
013021,Nadahup,South America,Brazil/Colombia,hupd1244,Hup-Yuhup,Hup,Epps 2008: 424,core,SI-PR-BD,-,-,g'et,stand',stand',-g'et,stay x' (‘AUX’),'stay’,verbal compound,-,-,-,-,1,2,-,1,-,-,-,-,3,2,-,3,-,-,-,-,1,3,-1,2,-1,#VALUE!,1,3,-1,#VALUE!,-1,#VALUE!,-1,#VALUE!,-1,#VALUE!
013022,Nadahup,South America,Brazil/Colombia,hupd1244,Hup-Yuhup,Hup,Epps 2008: 517,core,SI-PR-BD,-,-,d’oɁ,‘take’,'take',d’oɁ-,CAUS,CAUSATIVE,verbal compound,d’o/-/ h-,take-sleep,‘put to sleep’,-,1,2,-,1,-,-,-,-,3,2,-,3,-,-,-,-,1,3,-1,2,-1,#VALUE!,1,3,-1,#VALUE!,-1,#VALUE!,-1,#VALUE!,-1,#VALUE!
013023,Nadahup,South America,Brazil/Colombia,hupd1244,Hup-Yuhup,Hup,Epps 2008: 421-422,core,full,-,retained,d’oɁ,‘take’,take',-d’oɁ,‘do V in an abrupt or goal-oriented way’,AKTIONSART,-,g’et-d’oɁ-nɨh=hɔ͂ Ɂa͂́h-Ɂa͂́h,stand-take-NEG=NONVIS 1sg-DECL,‘I can’t stand up.’,-,1,2,1,1,1,1,1,1,3,2,1,3,1,4,1,1,1,3,-1,2,-1,1,1,3,-1,1,1,4,-1,1,-1,1
013024,Nadahup,South America,Brazil/Colombia,hupd1244,Hup-Yuhup,Hup,Epps 2008: 151-152; 588-591; 594-597,core,full,-,retained,-teg,"‘tree, stick’",'tree,"-teg, -te",FUTURE (particle),FUTURE,-,tɨh ham-tég Ɂu͂hníy,3sg go-FUT maybe,‘Maybe he will go.’,-,1,2,1,1,1,1,1,1,3,2,3,3,1,3,4,3,1,3,-1,2,1,3,1,3,-1,1,1,3,1,4,1,3
013025,Nadahup,South America,Brazil/Colombia,hupd1244,Hup-Yuhup,Hup,Epps 2008: 148; 422; 597,core,full,-,retained,"tuk-, tu-",want',want',"-tuk-, -tu-",IMMINENT FUTURE (PROXIMATIVE),FUTURE/PROXIMATIVE,-,děh d’oj-tú-y,water rain-want-DYNM,‘It’s about to rain.’,-,1,2,1,1,1,1,1,1,3,2,3,3,1,4,4,1,1,3,-1,2,1,3,1,3,-1,1,1,4,1,4,-1,1
014001,Nambiquaran,South America,Brazil,mama1278,Northern Nambiquaran,Mamaindê,Eberhard 2009: 419-421,breadth,SI-PR-BD,-,-,-ten,DESIDERATIVE,DESIDERATIVE,-ten,(NEAR) FUTURE,"FUTURE, NEAR
",-,wa-main-tu to̰-ten-latʰa-Ø-wa,PS2-pet-FNS die-DES-S3-PRS-DECL,Your pet will die.,-,3,2,-,3,-,-,-,-,3,2,-,3,-,-,-,-,-1,3,-1,2,-1,#VALUE!,-1,3,-1,#VALUE!,-1,#VALUE!,-1,#VALUE!,-1,#VALUE!
014002,Nambiquaran,South America,Brazil,mama1278,Northern Nambiquaran,Mamaindê,Eberhard 2009: 494,breadth,SI-PR-BD,-,-,-jeʔ,EMPHATIC marker,EMPHATIC,-jeʔ,1st/3rd person marker (non-past),PERSON AGREEMENT,in fact only strengthening (submorph) of non-second person,at-jeʔ-lhi-tanu,to.fish-L.R.-IRR-L.R/S1/PRS,I would go fishing.,-,3,2,-,3,-,-,-,-,4,2,-,3,-,-,-,-,1,4,-1,2,-1,#VALUE!,-1,3,-1,#VALUE!,-1,#VALUE!,-1,#VALUE!,-1,#VALUE!
014003,Nambiquaran,South America,Brazil,mama1278,Northern Nambiquaran,Mamaindê,Eberhard 2009: 433-436,breadth,SI-PR-BD,-,-,"-latʰa, -lat",VISUAL EVIDENTIAL,"EVIDENTIAL, VISUAL","-latʰa, -lat",3rd person AGREEMENT (in present tense),AGREEMENT,allomorph -lat in casual informal speech,ikalaka-latʰa-Ø-wa,be/stay-S3-PRS-DECL,He is working,-,3,2,-,3,-,-,-,-,4,2,-,3,-,-,-,-,1,4,-1,2,-1,#VALUE!,-1,3,-1,#VALUE!,-1,#VALUE!,-1,#VALUE!,-1,#VALUE!
014004,Nambiquaran,South America,Brazil,mama1278,Northern Nambiquaran,Mamaindê,Eberhard 2009: 464-465,breadth,SI-PR-BD,-,-,"-latʰa, -lat",VISUAL EVIDENTIAL,"EVIDENTIAL, VISUAL","-latʰa, -lat",CERTAINTY (epistemic modality),CERTAINTY,-,wa̰-sen-na-sa̰ naka̰s-le-a-nan-wa,PS2-speak-S2-NCL.LIQUID listen-I.PST-S1-PST/VIS-DECL,I heard your speech (in intermediate past time),-,3,2,-,3,-,-,-,-,3,2,-,3,-,-,-,-,-1,3,-1,2,-1,#VALUE!,-1,3,-1,#VALUE!,-1,#VALUE!,-1,#VALUE!,-1,#VALUE!
014005,Nambiquaran,South America,Brazil,mama1278,Northern Nambiquaran,Mamaindê,Eberhard 2009: 465-466,breadth,SI-PR-BD,-,-,-hĩn,NON-VISUAL EVIDENTIAL,"EVIDENTIAL, NON-VISUAL",-hĩn,internal state' (AFFECTEDNESS),AFFECTEDNESS,impersonal cxns are more frequent for inner states; this functional extension might not be grammaticalization at all,tai-ani nahohntoʔ kãun-ta-le-Ø-hĩn-wa,PN1-FNS much laugh-O1-I.PST-S3-PST/NVIS-DECL,"To me, it was really laughable.",-,3,2,-,3,-,-,-,-,3,2,-,3,-,-,-,-,-1,3,-1,2,-1,#VALUE!,-1,3,-1,#VALUE!,-1,#VALUE!,-1,#VALUE!,-1,#VALUE!
014006,Nambiquaran,South America,Brazil,mama1278,Northern Nambiquaran,Mamaindê,Eberhard 2009: 466-467,breadth,SI-PR-BD,-,-,-ntĩn,INFERRED EVIDENTIAL,"EVIDENTIAL, INFERRED",-ntĩn,MIRATIVE,MIRATIVE,-,"na-kʰatoʔ, tḛʔ-tu ih-aʔsiʔ, na-sei-ijah-ani ja̰u-jeʔ-le-O-ntĩn-wa",COP-CN.THEN.SS snake-FNS run-NEG PS1-NCL.PLACE-DEM-FNS be-EMP-I.PST-S3-PST/INF-DECL,be-EMP-I.PST-S3-PST/INF-DECL,-,3,2,-,3,-,-,-,-,3,2,-,3,-,-,-,-,-1,3,-1,2,-1,#VALUE!,-1,3,-1,#VALUE!,-1,#VALUE!,-1,#VALUE!,-1,#VALUE!
018001,Peba-Yagua,South America,Peru,yagu1244,Peba-Yagua,Yagua,Payne 1985: 173,breadth,SI-PR-BD,-,-,jay,"skin, pelt'",skin,jày,"nominal CLASSIFIER (skin and skin-like: cloth, clothing, etc.)",CLASSIFIER,-,tiryǫ́ǫ́`-jày,lie:down-CL:pelt,‘sleeping mat’,-,1,2,-,1,-,-,-,-,2,2,-,3,-,-,-,-,1,2,-1,2,-1,#VALUE!,1,3,-1,#VALUE!,-1,#VALUE!,-1,#VALUE!,-1,#VALUE!
019001,Saliban,South America,Venezuela,maco1239,Maco-Piaroa,Mako,Kuteva et al. 2019: 206,breadth,SI-PR-BD,-,-,b-,sit',sit',b-,proximal DEMONSTRATIVE,DEMONSTRATIVE,"(demonstrative always accompanied by a classifier; theoretically, the classifier is attached to the demonstrative, not the other way around)",-,-,-,-,1,3,1,1,1,1,1,1,2,3,2,1,1,2,4,1,1,2,-1,3,1,2,-1,1,-1,1,1,2,1,4,-1,1
019002,Saliban,South America,Venezuela,maco1239,Maco-Piaroa,Mako,Kuteva et al. 2019: 206,breadth,SI-PR-BD,-,-,h-,stand',stand',h-,distal DEMONSTRATIVE,DEMONSTRATIVE,"(demonstrative always accompanied by a classifier; theoretically, the classifier is attached to the demonstrative, not the other way around)",-,-,-,-,1,3,1,1,1,1,1,1,2,3,2,1,1,2,4,1,1,2,-1,3,1,2,-1,1,-1,1,1,2,1,4,-1,1
020001,Urarina,South America,Peru,urar1246,Urarina,Urarina,Olawsky 2006: 364,breadth,SI-PR-BD,-,-,-aka-anʉ,1DL(.INCL) (verbal AGREEMENT) (-1SG AGENT marker),AGREEMENT,-akaanʉ,1PL EXCLUSIVE,1PL (excl.),-,uhuana ha-naanaha kiuituku-a-akaanu=lu,field make-LPP know-NEG-lpl/ex=REM,We did not know where to make [our] fields.' [Narrator telling the author about how they came into the Espejo area],-,4,1,-,3,-,-,-,-,4,1,-,3,-,-,-,-,-1,4,-1,1,-1,#VALUE!,-1,3,-1,#VALUE!,-1,#VALUE!,-1,#VALUE!,-1,#VALUE!
020002,Urarina,South America,Peru,urar1246,Urarina,Urarina,Olawsky 2006: 364-365,breadth,SI-PR-BD,-,-,-aka-tɕe,1DL(.INCL) (verbal AGREEMENT)-PLURALIZER,PLURAL,-akatɕe,1PL INCLUSIVE,1PL (incl.),-,dʒaha-ʉ=te lenone-tɕaatɕe na-i͂ kʉ raj beree-kʉrʉ ajɲa kʉ lenone-kʉre,come.on-IMP=FOC eat-lpl/in say-PRT there POSS child-PL with there eat-3pl/E,"Saying ""come on, let's eat"", he ate there with his [three] sons.'",-,4,1,-,3,-,-,-,-,4,1,-,3,-,-,-,-,-1,4,-1,1,-1,#VALUE!,-1,3,-1,#VALUE!,-1,#VALUE!,-1,#VALUE!,-1,#VALUE!
020003,Urarina,South America,Peru,urar1246,Urarina,Urarina,Olawsky 2006: 534,breadth,SI-PR-BD,-,-,-tɕe,PLURALIZER (only for 2nd person),PLURAL,=tɕe,HONORIFIC (addressee),HONORIFIC,honorific for opposite sex or male in-laws,ka=jane-ʉ-tɕe=na haʉria hja-ni=tɕa,1 sg=let-IMP-PL=FOC: 1 sg first urinate-DSTL:HORT=EMF,'Let me go so that I urinate first!' [Woman talking to a group of men],-,3,2,-,3,-,-,-,-,3,2,-,2,-,-,-,-,-1,3,-1,2,-1,#VALUE!,-1,2,-1,#VALUE!,-1,#VALUE!,-1,#VALUE!,-1,#VALUE!
021001,Irantxe-Myky,South America,Brazil,iran1263,Irantxe-Myky,Myky,Monserrat 2010: 138,breadth,SI-PR-BD,-,-,pyra,call',call',-pyra,COMITATIVE APPLICATIVE,COMITATIVE,-,kare o-pyra-pju-Ø Janãi,hunt go-COM-3pl.obj-3s Janãi,Janãi went hunting with them.',-,1,1,-,1,-,-,-,-,3,1,-,3,-,-,-,-,1,3,-1,1,-1,#VALUE!,1,3,-1,#VALUE!,-1,#VALUE!,-1,#VALUE!,-1,#VALUE!
021002,Irantxe-Myky,South America,Brazil,iran1263,Irantxe-Myky,Myky,Monserrat 2010: 164,breadth,SI-PR-BD,-,-,kapy,cover',cover',-kapy,INSTRUMENTAL,INSTRUMENTAL,-,a-kapy uipa-ru,stick-INSTR hit-3S.PAS,he hit with a stick',-,1,1,-,1,-,-,-,-,4,1,-,3,-,-,-,-,1,4,-1,1,-1,#VALUE!,1,3,-1,#VALUE!,-1,#VALUE!,-1,#VALUE!,-1,#VALUE!
021003,Irantxe-Myky,South America,Brazil,iran1263,Irantxe-Myky,Myky,Monserrat 2010: 137,breadth,SI-PR-BD,-,-,piwi,"follow, accompany'",follow',-piwi,COMITATIVE aspect (?),COMITATIVE aspect,-,kyky-piwi-pju-o-pa,grind-COM-OBJ PL-FUT-1S,"I'll come grind with you, help you grind",-,1,1,-,1,-,-,-,-,3,1,-,3,-,-,-,-,1,3,-1,1,-1,#VALUE!,1,3,-1,#VALUE!,-1,#VALUE!,-1,#VALUE!,-1,#VALUE!
021004,Irantxe-Myky,South America,Brazil,iran1263,Irantxe-Myky,Myky,Monserrat 2010: 89-90; 133,breadth,SI-PR-BD,-,-,to,go',go',-to,CULMINATIVE',CULMINATIVE,-,mi-pu-to-hu,grow-NEG-CULM-IDENT,"don't grow anymore, be old, be grown (up) to the maximum]",-,1,2,-,1,-,-,-,-,3,2,-,3,-,-,-,-,1,3,-1,2,-1,#VALUE!,1,3,-1,#VALUE!,-1,#VALUE!,-1,#VALUE!,-1,#VALUE!
021005,Irantxe-Myky,South America,Brazil,iran1263,Irantxe-Myky,Myky,Monserrat 2010: 80-82; 134,breadth,SI-PR-BD,-,-,"ipi, íka","‘live, stay’",live',"-ipi, -íka",‘permanent aspect’ (CONTINUOUS),CONTINUOUS,-,kã-ika-mámí,lie_down-PERM-3PL,"They live in bed', more lit. 'They live lying down'",-,1,1,-,1,-,-,-,-,3,1,-,3,-,-,-,-,1,3,-1,1,-1,#VALUE!,1,3,-1,#VALUE!,-1,#VALUE!,-1,#VALUE!,-1,#VALUE!
021006,Irantxe-Myky,South America,Brazil,iran1263,Irantxe-Myky,Myky,Monserrat 2010: 84,breadth,SI-PR-BD,-,-,ówy,"‘persist, endure, be alive’",persist',-owy,DURATIVE,DURATIVE,-,tãí-ówy-my,write-PERD-3S,"he is still writing, he takes time writing'",-,1,1,-,1,-,-,-,-,3,1,-,3,-,-,-,-,1,3,-1,1,-1,#VALUE!,1,3,-1,#VALUE!,-1,#VALUE!,-1,#VALUE!,-1,#VALUE!
021008,Irantxe-Myky,South America,Brazil,iran1263,Irantxe-Myky,Myky,Monserrat 2010: 76-77,breadth,SI-PR-BD,-,-,-pa,REFLEXIVE,REFLEXIVE,"-apa, -a",PERFECTIVE ('conclusive') / TERMINATIVE,PERFECTIVE,maybe rather IAMITIVE?,ituku-apa-ra,slept-TERM-1S,I already slept'/'I was already asleep',-,3,2,-,1,-,-,-,-,3,2,-,3,-,-,-,-,-1,3,-1,2,-1,#VALUE!,1,3,-1,#VALUE!,-1,#VALUE!,-1,#VALUE!,-1,#VALUE!
022001,Kwaza,South America,Brazil,kwaz1243,Kwaza,Kwaza,"Norde 2011, Van der Voort 2002",breadth,SI-PR-BD,-,-,-ni,inflectional exhortative marker,HORTATIVE,-nĩ,derivational causational marker,CAUSATIVE,-,-,-,-,-,3,2,4?,3,?,4,4,1,3,2,3,3,1,4,4,1,-1,3,-1,2,-1,3,-1,3,1,1,-1,4,-1,4,-1,1
023001,Puinave,South America,Colombia/Venezuela,puin1248,Wansöjöt,Wansöjöt,Giron 2008: 264-266,breadth,SI-PR-BD,-,-,bat,‘cross’,cross',-bat́,DISTAL ('distal aspect': do sth. at a distance),TRANSLOCATIVE,affixed to verb,a-mînjok-bat bɤidût paǐ,1SG-arrive_from_mountain-DEIXAL none chicha,when I walked (there) I didn’t have chicha,-,1,2,-,1,-,-,-,-,3,2,-,3,-,-,-,-,1,3,-1,2,-1,#VALUE!,1,3,-1,#VALUE!,-1,#VALUE!,-1,#VALUE!,-1,#VALUE!
023002,Puinave,South America,Colombia/Venezuela,puin1248,Wansöjöt,Wansöjöt,Giron 2008: 219; 222-223,breadth,SI-PR-BD,-,-,-ɤḱ,do',do',-ɤḱ,CAUSATIVE,CAUSATIVE,-,ja-i-wo͂-'ɤḱ,3SG-ATR-eat-CAUS,let sb. eat; invite sb. to eat',-,2,2,-,1,-,-,-,-,3,2,-,3,-,-,-,-,1,3,-1,2,-1,#VALUE!,1,3,-1,#VALUE!,-1,#VALUE!,-1,#VALUE!,-1,#VALUE!
023003,Puinave,South America,Colombia/Venezuela,puin1248,Wansöjöt,Wansöjöt,Giron 2008: 166-167,breadth,SI-PR-BD,-,-,dik,exist',exist',-dik,COMPLEMENTIZER/general SUBORDINATOR,COMPLEMENTIZER,needed to ‘nominalize’ verbs for being an argument of another verb,ja-kuk-jeu a-yat-dik-di mokaini,3SG-FRUS-want 1SG-speak-EV-PAS quickly,"I (unsuccessfully) tried to speak fast,",-,2,2,-,1,-,-,-,-,3,2,-,3,-,-,-,-,1,3,-1,2,-1,#VALUE!,1,3,-1,#VALUE!,-1,#VALUE!,-1,#VALUE!,-1,#VALUE!
023004,Puinave,South America,Colombia/Venezuela,puin1248,Wansöjöt,Wansöjöt,Giron 2008: 264-265; 266,breadth,SI-PR-BD,-,-,-bɯḱ,give',give',-bɯ(k),IMPROPER (‘inconvenience marker’),IMPROPER,-,madia-’i̕  ja-t-sa͂n-juí-bɯt ja͂n,Maria-dad 3SG-COM-NEGV-listen-IMPROP D3SG,Maria’s dad doesn’t listen to her (because of some inconvenience)],-,1,2,-,1,-,-,-,-,3,2,-,3,-,-,-,-,1,3,-1,2,-1,#VALUE!,1,3,-1,#VALUE!,-1,#VALUE!,-1,#VALUE!,-1,#VALUE!
023005,Puinave,South America,Colombia/Venezuela,puin1248,Wansöjöt,Wansöjöt,Giron 2008: 264-265; 266-267,breadth,SI-PR-BD,-,-,-noḱ,go',go',-noḱ,IMPELLETIVE (‘on sb else’s initiative’),IMPELLETIVE,-,ó’o-da ka-peu-no(k)-m-di,PRNE-ASR 3PL-load-IPEL-AGT-PAS,‘he went to load them’,-,1,2,-,1,-,-,-,-,3,2,-,3,-,-,-,-,1,3,-1,2,-1,#VALUE!,1,3,-1,#VALUE!,-1,#VALUE!,-1,#VALUE!,-1,#VALUE!
025002,Boran,South America,Peru/Colombia,bora1263,Boran,Bora,Thiesen/Weber 2012: 412,core,full,-,retained,(-ʔ) ixkjha,(-terminating affix) Locative COP,COPULA,-Ɂixkjha,IMPERFECTIVE (habitual),HABITUAL,-,phà-íhjɯ̀-βá-ɾɛ ó phɛ́-Ɂixkjhá-Ɂì mɯ́xkhòhɯ́-βɯ̀,all-(time)-pl-only I go-hab-<t> port-goal,‘ I go to the port every day.’,-,2,1,1,1,1,1,1,1,3,1,4,2,4,4,4,1,1,3,-1,1,1,4,1,2,1,4,1,4,1,4,-1,1
025003,Boran,South America,Peru/Colombia,bora1263,Boran,Bora,Thiesen/Weber 2012: 412,core,full,-,retained,"(ɛɁ-) -tshi, -tʃhi",(distal DEM-) 'place' (bound noun/classifier),Place',-(Ɂ)ti,animate marker,animate,effectively only allomorph of locative/allative phrases with animates; source somewhat uncertain,ó ɯ́:hɛ̀-thɛ́-Ɂ tí-:pjɛ̀-tí-βɯ,I arrive-go.do-<t> that-<SgM>-anim-goal,‘I caught up to him.’,-,1,2,1,1,1,1,1,1,3,2,3,3,2,4,4,3,1,3,-1,2,1,3,1,3,1,2,1,4,1,4,1,3
025004,Boran,South America,Peru/Colombia,bora1263,Boran,Bora,Thiesen/Weber 2012: 412,core,full,-,retained,mí:-,two',two',-mɯ-,DUAL,DUAL,-mɯtshi (DL.m) and -mɯphɨ (DL.f),o:Ɂɨ́-:piɛ̀-mɯ́-tshì,dog-<SgM>-DuM,‘two masculine jaguars (DuM)’,-,2,2,2,1,1,1,2,1,3,2,4,3,4,4,4,1,1,3,-1,2,1,4,1,3,1,4,1,4,1,4,-1,1
025005,Boran,South America,Peru/Colombia,bora1263,Boran,Bora,Thiesen/Weber 2012: 412,core,full,-,retained,-nɛ(-ha(:ca)),General classifier (‘event')( + modal suffix ('realize')),event' + 'realize',-náa(:khá),'while' (converbial affix),SIMULTANEOUS,-,tshà-:thɛ̀ ɨ̀:khɯ́-ˀ [tshiͨ-xtjhɛ̀ aᷤtó ]-náaᷞákhà,one-<AnPl> play-<t> other-<AnPl> drink-while,‘Some play while others drink.’,-,3,2,3,3,4,4,4,1,3,2,3,3,1,4,4,2,-1,3,-1,2,-1,3,-1,3,-1,1,-1,4,-1,4,1,2
025006,Boran,South America,Peru/Colombia,bora1263,Boran,Bora,Thiesen/Weber 2012: 412,core,full,-,retained,mɯͪɯ,INDEF (animate SG) PRONOUN (in exhortative cxn),INDEFINITE PRONOUN,-mɯ-,ANIMATE PLURAL (allomorph),PLURAL,-,ókháhì-mɯ,tapir-AnPl,‘tapirs (more than two)’,-,2,1,2,1,1,2,4,1,3,2,4,3,2,4,4,1,1,3,1,2,1,4,1,3,1,2,1,4,-1,4,-1,1
025007,Boran,South America,Peru/Colombia,bora1263,Boran,Bora,Thiesen/Weber 2012: 412,core,SI-PR-BD,-,-,tshá-,‘one’,one',tsha,"‘each, both, all of’",‘each',-,-,-,-,-,2,2,2,1,1,1,1,1,2,2,2,1,1,2,2,1,-1,2,-1,2,-1,2,-1,1,-1,1,1,2,1,2,-1,1
025009,Boran,South America,Peru/Colombia,bora1263,Boran,Bora,Thiesen/Weber 2012: 206,core,full,-,retained,-mɯ́-khoᷞpà,(PLURAL-)AUGMENTATIVE,AUGMENTATIVE,-mɯ́khoᷞpà,greater PLURAL ('enhances the plurality of the referent'),GREATER PLURAL,only if the ordering is AUG-PL (PL-AUG is several big referents),thá mɛ:ní-mɯ-khopa  ,my pig-PL.AN-AUG,‘my very many pigs.',-,3,1,3,3,1,4,4,1,3,1,4,3,1,4,4,1,-1,3,-1,1,1,4,-1,3,-1,1,-1,4,-1,4,-1,1
027001,Arawá,South America,Brazil,jama1261,Madi,Jarawara,Kuteva et al. 2019: 157,breadth,SI-PR-BD,-,-,-hani,EVIDENTIAL (not firsthand),"EVIDENTIAL, NON-FIRSTHAND",-hani,SURPRISE marking,COUNTEREXPECTATION,-,baniS mee wina-tee-hani.,animal(M) 3:NONSG live-HAB-IMMPST:NONFIRSTH:F,‘There were surprisingly many animals.’ (Aikhenvald 2012:466),-,3,1,4,3,4?,4,4,1,3,1,3,3,1,4,4,1,-1,3,-1,1,-1,3,-1,3,-1,1,-1,4,-1,4,-1,1
027002,Arawá,South America,Brazil,jama1261,Madi,Jarawara,Dixon 2004: 383-384; 385; 440-442; 572-577,breadth,SI-PR-BD,-,-,ama,COPULA,COPULA,ama(-ke),secondary verb 'extent in time' (IPFV/DUR??),IMPERFECTIVE,-,abao mee otaa kaba-haro otaa ama-ke,fish(m) 3nsgO lexcA eat-RPef lexc EXTENT-DECf,we were eating the fish,-,2,1,-,1,-,-,-,-,2,1,-,1,-,-,-,-,-1,2,-1,1,-1,#VALUE!,-1,1,-1,#VALUE!,-1,#VALUE!,-1,#VALUE!,-1,#VALUE!
027003,Arawá,South America,Brazil,jama1261,Madi,Jarawara,Dixon 2004: 217-219,breadth,SI-PR-BD,-,-,moni,news',news',-mone,REPORTED EVIDENTIAL,EVIDENTIAL,-,[[otaa kaa one] mee]-mone makoni,lexc POSS other+f AUG-REPf NO.RESPONSIBILITY,they are said to be our sort of people (lit. they are said to be others of us),-,1,1,-,1,-,-,-,-,3,1,-,3,-,-,-,-,1,3,-1,1,-1,#VALUE!,1,3,-1,#VALUE!,-1,#VALUE!,-1,#VALUE!,-1,#VALUE!
027004,Arawá,South America,Brazil,jama1261,Madi,Jarawara,Dixon 2004: 78; 369-370,breadth,SI-PR-BD,-,-,*madi,person',person',"mati, mee",3NSG pronoun (also animate 'augment'),PERSONAL PRONOUN,-,"Jimao mera to-na-ka-maki-wahe-mata-monaha, JimaA mee to-na-ka-makihi",name(m) 3nsgO AWAY-CAus-in.motion-FOLLOWING-NEXT.THING-FPnm-Repm name(m) 3nsgO AWAY-CAus-in.motion-FOLLOwiNGm,he is said then to have gone after the Jima people; he goes after them,-,1,1,-,1,-,-,-,-,2,2,-,1,-,-,-,-,1,2,1,2,-1,#VALUE!,-1,1,-1,#VALUE!,-1,#VALUE!,-1,#VALUE!,-1,#VALUE!
028001,Tucanoan,South America,Colombia,cube1242,Kubeo-Desano,Kubeo,Chacon 2012: 151,core,full,-,retained,bahu,‘body’,body',bahu,reflexive marker (‘self’),reflexive marker,-,kɨhĩ-kɨ obi j̃ɨhẽ koeda-i=e bahu-de kari hawehĩna-de,small-MSC cry-3MSC our.exc wake.up-ST=MSS INTNS-OBL now early.morning-OBL,‘the little boy cried early in the morning today when we woke up’,-,1,1,1,1,1,1,1,1,3,1,3,1,1,3,3,1,1,3,-1,1,1,3,-1,1,-1,1,1,3,1,3,-1,1
028002,Tucanoan,South America,Colombia,cube1242,Kubeo-Desano,Kubeo,Chacon 2012: 93-94,core,full,-,retained,-be(-bu),3SG animate COP(-‘probable’),COPULA,-bebu,ASSUMED EVIDENTIAL,"EVIDENTIAL, ASSUMED",-,aru do kaidi=bi do-i bahu=bebu,and ANPH.CNT form=CL.FILLED ANPH.CNT he-PSS body=ASM.COP,'The manioc stick is likely to be his body',-,3,2,2,2,1,3,4,2,3,2,3,2,1,4,4,2,-1,3,-1,2,1,3,-1,2,-1,1,1,4,-1,4,-1,2
028003,Tucanoan,South America,Colombia,cube1242,Kubeo-Desano,Kubeo,Chacon 2012: 288,core,full,-,retained,-tɨte-jɨbe,dynamic NOMINALIZER + COP,COPULA,-tɨte-jɨbe,PROGRESSIVE,PROGRESSIVE,-,ɨ͂ hiaðo=ku͂ tɨte-jɨbe,he tree.sp=CL.EMB carve-NMZ.MSC-COP.3MSC,'he is making a canoe',-,3,2,2,2,1,3,1,2,3,2,3,3,4,4,4,2,-1,3,-1,2,1,3,1,3,1,4,1,4,1,4,-1,2
028004,Tucanoan,South America,Colombia,cube1242,Kubeo-Desano,Kubeo,Chacon 2012: 210,core,full,-,retained,te,‘do’,'do',te,dynamic verb marker (light verb),FACTITIVE,-,bãbã#dɨ̃bɨ̃ ‘hi bĩtu-i dɨ̃-i=e-de bãkã-dõ=ka=wɨ-de hidɨ#te-kakɨ,new#time my Mitu-LOC go-ST=MSS-OBL jungle-CNT=ORG=CL.AN.COL-OBL fear#do-II.1MSC,'the first time I went to Mitu I was afraid of the guerrilla’,-,2,2,1,1,1,1,1,1,2,2,2,1,1,2,1,1,-1,2,-1,2,1,2,-1,1,-1,1,1,2,-1,1,-1,1
028005,Tucanoan,South America,Colombia,cube1242,Kubeo-Desano,Kubeo,Chacon 2012: 93-94,core,full,-,retained,-de=bu,(INANIMATE PERFECT NOMINALIZER) =‘probable’ (epistemic modality clitic),PROBABILITY,-debu,INFERRED EVIDENTIAL (for non-third person and third person inanimate),EVIDENTIAL,also as ‘-rebu’ (allophonic status of r),jɨ̃hã kã-dĩ dɨ̃-debu pai-de 'hapi-ka-di=wɨ,we.exc sleep-CNV go-INFR.N.3AN priest-OBL listen-SR-NMZ=CL.AN.P,'we fall asleep when listening to the priest',-,3,2,3,2,1,2,4,1,3,2,4,3,1,4,4,2,-1,3,-1,2,1,4,1,3,-1,1,1,4,-1,4,1,2
028006,Tucanoan,South America,Colombia,cube1242,Kubeo-Desano,Kubeo,Chacon 2012: 273; 298,core,full,-,retained,(-kɨ-)be,(PERFECTIVE NOMINALIZER [here: 3SG masc]-) COPULA (here: 3SG animate),PERFECT,-kɨbe,INFERRED EVIDENTIAL (for third person f+m SG and PL) (here: 3SG m.),EVIDENTIAL,-,ɨ̃ eda-kɨbe,he arrive-INFR.3MSC,'He arrived',-,3,2,2,2,1,3,4,2,3,2,4,3,1,4,4,2,-1,3,-1,2,1,4,1,3,-1,1,1,4,-1,4,-1,2
028007,Tucanoan,South America,Colombia,cube1242,Kubeo-Desano,Kubeo,Chacon 2012: 210; 237-240; 295,core,full,-,retained,dõbĩ-wa,woman'-AN.PL,woman',dõbĩwa,ANIMATE FEMININE PLURAL,PLURAL,-,dõbĩ-wa okojɨ-wa#dõbĩ-wa bẽa#dõbĩ-wa-bu,woman-AN.P wanano-an.p#woman-AN.P good#woman-AN.P-COP.N3.AN.SG,'the wanano women are beautiful’,-,1,1,1,1,1,1,1,1,3,1,3,1,4,4,4,1,1,3,-1,1,1,3,-1,1,1,4,1,4,1,4,-1,1
028008,Tucanoan,South America,Colombia,cube1242,Kubeo-Desano,Kubeo,Chacon 2012: 305,core,SI-PR-BD,-,retained,ãbẽ,"'bad, be bad’","'bad, be bad’",-be,negative copula (maybe also verbal negation),NEGATION,"the path ãbẽ ‘bad’ > ãbẽ ‘NEGATIVE COP’ is certain; but it is a hypothesis of MM, that the verbal negation marker -be is related to the negative copula) bẽa-be-e=bu good-NEG-Mss=pRoB '(that) is not likely to be good' (Chacon 2012: 93)",ɨra-ko ãbẽ-biko,large-FEM COP.NEG-3.FEM,'she is not fat',-,1,1,-,1,-,-,-,-,3,2,-,3,-,-,-,-,1,3,1,2,-1,#VALUE!,1,3,-1,#VALUE!,-1,#VALUE!,-1,#VALUE!,-1,#VALUE!
028015,Arawan,South America,Brazil,jara1276,Madi,Jarawara,Aikhenvald 2011,breadth,SI-PR-BD,-,-,-awa-,"‘see, feel’","‘see, feel’",awine/awa,inference marker,EVIDENTIAL,see > seem > inference (biclausal cxn > monoclausal),-,-,-,-,1,1,1,1,1,1,1,1,3,1,3,1,3,2,4,3,1,3,-1,1,1,3,-1,1,1,3,1,2,1,4,1,3
028036,Boran,South America,Peru/Colombia,bora1263,Boran,Bora,Thiesen/Weber 2012: 411,core,full,-,retained,-:β(j)ɛ,CHANGE-OF-STATE VERBALIZER (‘become x’),VERBALIZER,-:β(j)ɛ,single action (INTRANSITIVE),VERBAL SINGULAR,the authors do not explicitly mention the direction of the development,ó ákhɯ̀-:βɛ́-Ɂì,I sit.down-sIn-<t>,‘I sat down.’,-,3,1,3,3,1,4,4,1,3,1,3,3,2,4,4,1,-1,3,-1,1,-1,3,-1,3,1,2,-1,4,-1,4,-1,1
028041,Boran,South America,Peru/Colombia,bora1263,Boran,Bora,Thiesen/Weber 2012: 412,core,full,-,retained,-Ɂi,‘self’ (reflexive),‘self’,"-Ɂi, -Ɂ",‘trace marker’ (expletive subject),‘trace marker’,-,ó ímípᷞaxtʃhó-Ɂi,I fix-<t>,‘I fix.’,-,2,2,2,1,1,2,4,1,4,3,3,3,2,4,4,2,1,4,1,3,1,3,1,3,1,2,1,4,-1,4,1,2
029001,Macro-Jê,South America,Brazil,apin1244,Core Northern Je,Apinayé,Cunha de Oliveira 2005: 140; 143-144,breadth,SI-PR-BD,-,-,ɔ,do',do',ɔ,INSTRUMENTAL / COMITATIVE,INSTRUMENTAL,-,i-ɲ-õ sakɔrti na kupẽ=če ɔ kete.,1-RP=GEN bag RLS cloth INSTR NEG,‘My bag is not [made] of fabric.',-,2,2,-,1,-,-,-,-,4,2,-,1,-,-,-,-,1,4,-1,2,-1,#VALUE!,-1,1,-1,#VALUE!,-1,#VALUE!,-1,#VALUE!,-1,#VALUE!
029002,Macro-Jê,South America,Brazil,apin1244,Core Northern Je,Apinayé,Cunha de Oliveira 2005: 140-141,breadth,SI-PR-BD,-,no,*õ,thing',thing',-õ,GENITIVE (alienable possession),A-POSSESSIVE,-,I-ɲ-õ baɲkwrәtti na iɲ-kukrač n-itɔmrɛ kamә̃ ča,1-RP-GEN beans RLS 1-pan RP-lid INSV stand,‘My beans are inside my covered pan.',-,2,2,-,1,-,-,-,-,4,2,-,3,-,-,-,-,1,4,-1,2,-1,#VALUE!,1,3,-1,#VALUE!,-1,#VALUE!,-1,#VALUE!,-1,#VALUE!
029003,Macro-Jê,South America,Brazil,apin1244,Core Northern Je,Apinayé,Cunha de Oliveira 2005: 149,breadth,SI-PR-BD,-,-,ipok(=ri),core'(=LOC),core',ipokri,in the middle of',in the middle of',questionable,-,-,-,-,1,1,-,1,-,-,-,-,2,1,-,1,-,-,-,-,1,2,-1,1,-1,#VALUE!,-1,1,-1,#VALUE!,-1,#VALUE!,-1,#VALUE!,-1,#VALUE!
029004,Macro-Jê,South America,Brazil,apin1244,Core Northern Je,Apinayé,Cunha de Oliveira 2005: 399,breadth,SI-PR-BD,-,-,"mõ, mõr",come; go',come; go',"mõ, mõr",PROGRESSIVE / INCHOATIVE,PROGRESSIVE,-,-,-,-,-,1,2,-,1,-,-,-,-,3,2,-,1,-,-,-,-,1,3,-1,2,-1,#VALUE!,-1,1,-1,#VALUE!,-1,#VALUE!,-1,#VALUE!,-1,#VALUE!
030001,Tupi-Guarani,South America,Brazil,huaj1256,Guaja-Aure-Aura,Guajá,magalhaes 2007: 116,breadth,SI-PR-BD,-,-,kĩ‘ nawỹ,DEM (+ CONJUNCTION),DEMONSTRATIVE,kinawynỹ,SIMILE (‘like this’),SIMILE,-,a-japó kinawynỹ,2/IMP-make similar,‘make a similar one (like this)!’,-,2,1,-,1,-,-,-,-,3,1,-,1,-,-,-,-,1,3,-1,1,-1,#VALUE!,-1,1,-1,#VALUE!,-1,#VALUE!,-1,#VALUE!,-1,#VALUE!
030002,Tupi-Guarani,South America,Brazil,huaj1256,Guaja-Aure-Aura,Guajá,magalhaes 2007: 225-226,breadth,SI-PR-BD,-,-,-pá,‘end’,end',-pá,CESSATIVE aspect (with verbs),CESSATIVE,-,h-awá kó-a anỹ. h-awá. h-awá-pá,3-catch.fire field-N CONJ 3-catch.fire-end,'The field caught fire. It burned. It stopped catching fire.’,-,1,2,-,1,-,-,-,-,3,2,-,3,-,-,-,-,1,3,-1,2,-1,#VALUE!,1,3,-1,#VALUE!,-1,#VALUE!,-1,#VALUE!,-1,#VALUE!
030003,Tupi-Guarani,South America,Brazil,huaj1256,Guaja-Aure-Aura,Guajá,magalhaes 2007: 225-226,breadth,SI-PR-BD,-,-,-kwá,‘know’,know',-kwá,ABILITY/POTENTIAL,ABILITY,-,awá-wahý-a takỹ r-o’ó-kér-a n=u-’ú-kwá-j,Guajá-woman-N tucan R1-meat-RETR-N NEG=3-eat-know-NEG,‘a Guajá woman can not eat meat of the tucan.’,-,1,2,-,1,-,-,-,-,3,2,-,3,-,-,-,-,1,3,-1,2,-1,#VALUE!,1,3,-1,#VALUE!,-1,#VALUE!,-1,#VALUE!,-1,#VALUE!
030004,Tupi-Guarani,South America,Brazil,huaj1256,Guaja-Aure-Aura,Guajá,magalhaes 2007: 225-226,breadth,SI-PR-BD,-,-,-kwá,‘pass by’,pass',-kwá,CESSATIVE aspect (with verbs and adjectives),CESSATIVE,-,a-wa’á tapó ha=Ø-kahá-pe ha=Ø-kara’ahỹ-kwá = pa,fall POS4 1=hammock-LOC 1=R1-tired-pass=GER,‘I laid in my hammock to stop getting tired’,-,1,2,-,1,-,-,-,-,3,2,-,3,-,-,-,-,1,3,-1,2,-1,#VALUE!,1,3,-1,#VALUE!,-1,#VALUE!,-1,#VALUE!,-1,#VALUE!
030006,Tupi-Guarani,South America,Brazil,huaj1256,Guaja-Aure-Aura,Guajá,magalhaes 2007: 225; 110,breadth,SI-PR-BD,-,-,*matá,‘want’,want',"tá, matá",‘Projective Aspect’ (= PROSPECTIVE),PROSPECTIVE,path uncertain,n=a-xá tár-i-hí,NEG=1-see PROJ-NEG-INTS,‘I'm really not gonna see it/ I really don't wanna see it.’,-,1,1,-,1,-,-,-,-,3,2,-,1,-,-,-,-,1,3,1,2,-1,#VALUE!,-1,1,-1,#VALUE!,-1,#VALUE!,-1,#VALUE!,-1,#VALUE!
,,,,,,,,,,,,,,,,,,,,,,,,,,,,,,,,,,,,,,,,,,,,,,,,,,,,,,
,,,,,,,,,,,,,,,,,,,,,,,,,,,,,,,,,,,,,,,,,,,,,,,,,,,,,,
,,,,,,,,,,,,,,,,,,,,,,,,,,,,,,,,,,,,,,,,,,,,,,,,,,,,,,
,,,,,,,,,,,,,,,,,,,,,,,,,,,,,,,,,,,,,,,,,,,,,,,,,,,,,,
,,,,,,,,,,,,,,,,,,,,,,,,,,,,,,,,,,,,,,,,,,,,,,,,,,,,,,
,,,,,,,,,,,,,,,,,,,,,,,,,,,,,,,,,,,,,,,,,,,,,,,,,,,,,,
,,,,,,,,,,,,,,,,,,,,,,,,,,,,,,,,,,,,,,,,,,,,,,,,,,,,,,
,,,,,,,,,,,,,,,,,,,,,,,,,,,,,,,,,,,,,,,,,,,,,,,,,,,,,,
,,,,,,,,,,,,,,,,,,,,,,,,,,,,,,,,,,,,,,,,,,,,,,,,,,,,,,
,,,,,,,,,,,,,,,,,,,,,,,,,,,,,,,,,,,,,,,,,,,,,,,,,,,,,,
,,,,,,,,,,,,,,,,,,,,,,,,,,,,,,,,,,,,,,,,,,,,,,,,,,,,,,
,,,,,,,,,,,,,,,,,,,,,,,,,,,,,,,,,,,,,,,,,,,,,,,,,,,,,,
,,,,,,,,,,,,,,,,,,,,,,,,,,,,,,,,,,,,,,,,,,,,,,,,,,,,,,
,,,,,,,,,,,,,,,,,,,,,,,,,,,,,,,,,,,,,,,,,,,,,,,,,,,,,,
,,,,,,,,,,,,,,,,,,,,,,,,,,,,,,,,,,,,,,,,,,,,,,,,,,,,,,
,,,,,,,,,,,,,,,,,,,,,,,,,,,,,,,,,,,,,,,,,,,,,,,,,,,,,,
,,,,,,,,,,,,,,,,,,,,,,,,,,,,,,,,,,,,,,,,,,,,,,,,,,,,,,
,,,,,,,,,,,,,,,,,,,,,,,,,,,,,,,,,,,,,,,,,,,,,,,,,,,,,,
,,,,,,,,,,,,,,,,,,,,,,,,,,,,,,,,,,,,,,,,,,,,,,,,,,,,,,
,,,,,,,,,,,,,,,,,,,,,,,,,,,,,,,,,,,,,,,,,,,,,,,,,,,,,,
,,,,,,,,,,,,,,,,,,,,,,,,,,,,,,,,,,,,,,,,,,,,,,,,,,,,,,
,,,,,,,,,,,,,,,,,,,,,,,,,,,,,,,,,,,,,,,,,,,,,,,,,,,,,,
,,,,,,,,,,,,,,,,,,,,,,,,,,,,,,,,,,,,,,,,,,,,,,,,,,,,,,
,,,,,,,,,,,,,,,,,,,,,,,,,,,,,,,,,,,,,,,,,,,,,,,,,,,,,,
,,,,,,,,,,,,,,,,,,,,,,,,,,,,,,,,,,,,,,,,,,,,,,,,,,,,,,
,,,,,,,,,,,,,,,,,,,,,,,,,,,,,,,,,,,,,,,,,,,,,,,,,,,,,,
,,,,,,,,,,,,,,,,,,,,,,,,,,,,,,,,,,,,,,,,,,,,,,,,,,,,,,
,,,,,,,,,,,,,,,,,,,,,,,,,,,,,,,,,,,,,,,,,,,,,,,,,,,,,,
,,,,,,,,,,,,,,,,,,,,,,,,,,,,,,,,,,,,,,,,,,,,,,,,,,,,,,
,,,,,,,Spalte1,,,,,,,,,,,,,,,,,,,,,,,,,,,,,,,,,,,,,,,,,,,,,,,
